,A_11PM,A_3AM,A_7AM,A_11AM,A_3PM,A_7PM,B_11PM,B_3AM,B_7AM,B_11AM,B_3PM,B_7PM
PLK1,1.78505,4.01732,1.6176,1.68278,0.634651,0.982594,2.54638,3.01125,2.04004,0.948112,0.621065,0.617121
Chtf18,2.60485,5.30805,8.40486,5.40074,4.69381,3.04534,2.3542,3.87897,9.18291,6.97215,5.5948,4.83754
CRMP1,20.5664,24.9137,16.8607,11.2489,16.1606,21.1364,24.3972,23.8392,19.8805,15.9229,15.236,18.1869
pcm1,16.5213,16.1725,14.5849,12.3622,14.2793,16.9172,16.5886,14.2093,14.4977,13.6069,14.9481,14.97
,742.994,216.875,11.4249,47.3253,298.064,450.181,665.19,331.934,46.2176,69.5983,333.985,736.24
ankrd10a,14.674,8.65411,3.93756,4.91595,9.32565,11.8658,13.8069,10.0534,3.43785,5.13182,7.79296,12.8615
ARL13B,56.4742,35.8825,15.9823,20.5034,33.6271,32.7288,46.3551,42.173,25.6453,24.1289,33.2629,39.0508
si:ch211-172j10.2,6.33203,5.25372,4.20359,5.81332,6.17781,6.6867,6.17849,6.29719,4.22323,4.72297,5.34588,6.23399
Dclk2,43.8434,68.5056,52.4918,21.2749,19.2957,18.6753,30.6182,42.6051,50.4952,33.2952,21.2719,18.2659
naa15b,10.8939,10.6272,9.73313,9.95073,10.3937,12.8927,11.572,9.0262,10.0015,8.85111,11.7041,11.5855
TUBGCP3,7.51741,7.49963,6.78447,5.33409,6.26525,6.34845,6.9675,6.93338,5.37157,5.16515,5.2511,6.69524
Pdcd11,3.20128,6.32244,8.80488,10.8111,7.87306,7.26794,5.62386,4.97211,6.15351,9.30355,8.62218,5.95419
mdh1a,130.064,124.402,159.171,193.821,177.793,159.54,128.855,127.416,159.157,167.739,154.31,154.889
zgc:100913,13.7527,9.78076,7.71658,10.1295,12.0402,12.2554,18.7417,12.6941,8.29914,9.72503,12.0199,14.6472
LOC100002676,16.4385,22.2371,44.305,37.3838,34.2999,16.8167,16.0695,21.1102,27.9753,61.2418,38.4549,30.2102
PI4K2A,5.48831,5.42043,5.5611,4.19538,4.36023,4.933,6.18701,5.98724,4.65123,3.70836,4.99038,5.28128
tecrb,76.7277,63.8466,38.7447,41.554,47.7456,47.2531,72.5655,52.6155,49.057,37.3205,45.965,43.7613
zgc:154001,14.9136,9.78663,22.0481,27.6352,35.4237,18.0553,10.3516,14.9507,23.2785,32.8363,37.1916,24.7272
appA,170.956,169.627,171.011,95.8977,106.757,115.991,127.783,165.312,144.872,130.296,134.182,127.611
chrnb3a,12.8012,18.7537,19.4711,21.2335,20.8129,15.0754,16.0623,15.9826,20.0548,33.9983,25.7656,17.0259
prom1b,122.927,79.3582,30.1795,48.5403,69.9978,60.6973,110.206,91.3374,53.8272,55.2865,75.9363,78.1882
sfrp2,7.61113,5.13098,2.91809,4.8375,4.73383,7.92113,6.44491,6.21211,3.31789,2.69096,4.66857,10.7649
sh3gl2,29.1444,41.959,113.054,92.9414,44.7041,44.7107,20.8688,21.0388,76.9568,125.514,81.9304,32.401
Pwp2h,5.36282,7.16861,9.23334,8.46638,7.14148,6.44979,5.34739,6.6122,6.72521,6.92555,7.69889,5.62335
gpm6ba,104.515,81.4483,66.8074,39.064,59.909,105.228,88.9961,73.9758,69.7731,44.2619,78.0577,90.6933
Frem3,0.44342,0.435208,0.275825,0.158832,0.112851,0.156524,0.427047,0.277463,0.111039,0.176045,0.216583,0.154439
SMAD1,13.9705,22.2117,15.495,9.33858,10.1605,10.4975,15.8909,19.7455,21.0162,9.29837,11.468,11.5513
NR3C2,11.9441,10.154,6.97183,8.20072,9.20815,12.9337,13.6953,8.9517,7.07868,8.59466,12.1641,11.7438
ASB5,6.18498,6.09588,15.0771,9.30389,4.94886,6.20358,5.75262,7.08817,17.6927,11.7025,6.59741,4.44322
kpna3,24.3639,22.2543,19.8188,16.839,19.152,22.9251,21.1821,18.1399,17.5183,16.1662,19.0687,19.3361
AGPAT3,161.537,122.395,73.4414,93.7439,140.7,125.596,155.241,123.053,91.9834,103.575,131.7,161.094
si:dkey-82d4.3,17.9365,36.6399,55.3969,34.7205,29.6888,26.3127,28.1937,36.3615,40.3509,60.9773,34.3825,31.8317
papss1,8.62716,8.27914,5.99169,5.44671,7.18642,7.60784,9.1044,6.33338,5.5976,4.32498,7.11644,6.68287
srd5a2a,6.44176,6.29927,7.94235,7.89774,7.02776,5.8013,4.81266,8.34797,10.226,8.12033,6.96366,7.13006
jag1a,2.40115,3.11471,2.29903,1.90267,1.44667,2.32624,2.34285,3.43395,2.39104,1.33111,1.45516,1.87241
si:ch211-217k17.10,7.56331,4.05779,11.9368,19.342,5.01711,3.82559,0.839864,12.0801,25.8451,9.82268,4.01758,2.43734
zgc:101722,46.5762,35.0023,8.56548,9.9011,26.639,25.0572,44.766,37.6842,11.0746,11.1701,21.3649,30.2944
zgc:55536,17.9553,17.2616,14.2263,12.2723,14.4826,14.5908,16.8472,16.3284,13.7748,14.6709,13.2987,14.2669
NFIL3,4.98182,6.82147,2.92368,3.28528,4.88647,9.31306,13.4726,5.83481,3.5681,3.81342,5.9439,9.28622
zgc:92181,26.1682,22.3372,12.7845,11.0952,15.9727,13.5932,20.8933,16.9027,16.3872,10.749,9.29454,16.8786
TLN1,6.60118,8.07889,11.2036,12.3398,8.51402,7.95384,5.89794,8.73243,9.24055,8.98698,8.76531,8.10044
ISOC1,19.1087,20.1776,14.0988,11.9322,16.7013,19.9069,22.1,16.7288,17.5627,13.8385,18.8664,18.9364
DRG1,8.87242,12.6488,13.9913,13.0812,10.9097,10.228,7.04919,8.98562,13.9563,9.75585,9.24626,7.33629
pcdh1gc5,156.991,157.935,112.303,85.5616,121.941,182.052,186.32,174.457,161.052,104.684,142.8,162.919
kdm6bb,12.5427,17.3526,12.5295,7.70468,10.6972,19.8543,15.3498,16.1593,10.1084,7.63535,10.2076,14.4293
slc25a1,16.7635,13.7939,7.5998,6.75423,9.87336,11.3638,17.0746,13.7245,9.78169,7.33652,10.199,9.6997
zgc:136807,4.12211,4.30816,5.32902,1.52285,2.96305,1.48805,4.11802,5.42711,5.07425,3.79392,2.51654,1.83496
arr3l,490.794,761.482,657.236,590.8,512.281,218.958,389.268,564.405,705.655,820.773,601.756,412.622
zgc:103754,7.55403,10.3009,10.8367,10.819,8.31784,9.16194,8.5171,8.6654,11.0233,9.63873,9.11967,7.07469
WDR74,2.44923,3.25199,3.79364,3.34328,3.31125,2.86973,1.73082,3.5953,3.73988,3.60653,3.47735,2.24482
PPM1E,12.6213,13.6564,29.3591,25.0154,18.9583,12.7691,6.43471,7.86668,12.2557,31.5265,23.1286,12.7717
c21orf59l,4.50337,5.38053,9.72241,6.07901,4.59502,4.47209,6.205,5.29468,8.03419,7.21589,5.65425,3.1833
STYXL1,0.276904,0.0781025,0.0,0.0,0.0511176,0.317149,0.494212,0.0,0.0,0.126516,0.121236,0.22633
zgc:153423,26.3269,12.7078,10.2347,6.31608,11.2336,13.3513,20.0669,14.4426,12.2418,6.78397,7.9887,11.6904
DDX55,2.79045,3.03306,4.10116,4.55269,2.80678,2.38701,3.20536,3.97904,3.99813,4.95295,4.71592,2.74742
ak3,14.2187,14.7112,25.4321,24.1668,22.0474,15.9908,18.0651,20.6768,21.5445,20.4565,20.4539,17.6421
CNTFR,19.6509,22.226,38.5126,26.7318,28.0482,23.8065,13.4871,33.072,37.2077,44.3484,24.7481,21.4275
SMAD2,14.3398,13.2171,11.4314,11.211,13.0303,15.2487,14.5013,14.2719,10.3669,11.8609,13.624,13.7069
per1a,0.953518,7.39059,30.3028,11.3616,1.20765,0.851771,0.545915,6.20506,27.6664,12.4105,3.56364,0.747868
NLE1,2.56047,3.31817,3.37736,5.29153,4.26837,3.20783,3.76987,3.72962,5.65221,4.97012,4.15487,3.52881
trim3b,5.61263,12.6991,23.8034,13.0424,11.7269,12.0832,9.99959,14.3826,21.6118,21.5077,17.1525,11.1847
arr3l,45.7452,50.0745,32.7725,17.3902,21.1748,16.6935,28.1912,38.6972,43.5247,29.7515,24.1213,22.5767
zgc:92901,16.5697,15.7657,12.962,13.1804,18.0926,22.4902,25.0985,19.7057,11.5559,16.7071,21.2045,24.9606
robo3,20.9106,19.7426,16.4449,13.2653,19.0677,22.0251,24.4094,24.4786,18.1635,18.4774,22.023,23.8563
DCLK1,43.8788,39.8657,15.9973,18.5296,22.6701,21.507,33.5012,29.6503,23.1777,23.2333,23.3923,28.6761
zgc:77101,45.3403,54.2638,50.0314,28.4395,33.2995,34.035,47.4145,55.4985,58.9712,39.4745,39.9241,34.4169
zgc:154067,5.29624,10.2274,8.3788,5.271,4.63104,4.10159,4.40661,7.61368,12.0119,4.23592,5.54156,3.96609
CYYR1,18.4642,19.1347,36.1392,42.6007,48.7989,30.584,23.7995,21.1132,23.148,58.1831,54.2336,41.9551
zgc:158388,64.9433,58.4252,61.9907,26.7319,27.5202,27.6584,40.7133,60.0931,58.6162,44.6501,32.6682,28.4566
gnl3,6.47421,9.49362,12.2101,8.1822,7.16348,5.01954,7.27323,6.68272,10.6464,10.3346,7.00806,4.79411
zgc:63634,9.54972,13.002,23.7569,21.1646,17.2288,15.1846,15.1503,18.8666,19.4503,26.8939,22.0216,16.53
REEP6,0.0,0.0,0.133449,0.0727327,0.204253,0.0,0.0,0.0,0.0,0.211804,0.205344,0.0
ptp4a1,294.722,212.991,108.359,57.8787,77.8971,114.782,168.616,207.803,188.757,95.0035,93.7125,69.9102
ptbp1b,15.3986,16.2315,16.7966,20.9799,17.6365,15.9869,16.3202,16.1021,19.7145,19.3951,19.5216,17.3033
MAGI1,20.8636,25.4058,21.6569,11.5301,11.6409,20.0784,18.032,24.0725,26.4953,12.6023,15.332,13.2956
csf1a,0.274533,0.391051,1.10165,1.22375,0.885599,0.901164,0.129739,0.89178,1.80717,1.58054,0.989429,0.528092
NFS1,42.4592,38.4099,25.5132,31.1027,39.3036,33.1003,48.795,38.0226,27.0883,29.5501,33.3604,38.7985
adipor1a,58.0775,59.1945,55.73,33.9076,37.7284,33.9686,48.6479,55.4045,60.0552,47.775,41.5651,40.3969
kdm5ba,23.6516,25.954,30.0909,30.1278,29.5483,29.787,26.4458,27.6821,31.5461,33.5787,32.1826,30.6969
opn1lw2,585.181,514.915,108.336,212.183,684.33,759.927,767.217,675.173,292.001,166.662,490.85,994.366
Gnl3l,8.54721,7.26015,12.3462,9.72706,8.527,6.92186,7.74742,8.33166,10.8706,11.3767,9.16348,7.32884
grma,18.4317,16.071,10.3275,12.3585,17.2066,19.3572,19.9682,14.9426,15.2399,12.5271,18.6848,18.1233
zgc:112296,13.5178,9.49654,5.25957,10.0161,11.1382,14.9364,15.3995,15.4537,7.7294,7.77921,10.203,13.528
zgc:110815,1.46822,2.76394,3.76282,3.73604,3.282,3.56514,2.98364,2.41185,4.14289,4.21711,3.86182,3.16959
zgc:162816,5.85878,4.9323,3.1644,4.03856,4.56736,4.64736,5.8942,3.92485,3.42021,1.91402,4.72973,4.76293
per3,0.726735,1.94454,35.5828,33.0067,8.87833,3.42754,1.83887,3.06989,17.026,40.7692,16.5671,4.75569
zgc:92502,4.17739,6.04181,6.46728,6.90661,7.98456,6.34093,5.235,5.41775,9.23069,7.92955,6.77144,5.01857
ALDH4A1,4.5803,8.68889,21.3685,16.7631,12.7617,6.34814,7.54266,9.30779,14.6981,18.251,13.0369,9.02151
zgc:136520,0.0,0.0,1.82802,3.67014,10.718,6.67952,1.29516,0.920322,0.0,3.99123,5.39711,2.94373
zgc:158340,86.7316,90.3418,52.9715,27.6944,44.3419,49.144,93.6891,125.712,61.7834,40.461,33.8721,43.7224
zgc:158292,13.6341,8.60316,4.30204,1.71476,2.79545,5.35085,9.01226,10.8561,6.77425,2.44788,2.67691,4.42312
zgc:158292,10.2864,5.28144,1.90045,1.46971,2.13677,3.9406,8.74728,9.35816,7.61323,2.17401,2.89073,3.847
Rab43,5.45066,4.83943,11.7485,12.0512,8.35037,6.62734,5.67149,9.11246,7.1747,10.0541,8.03333,6.39914
npffl,0.176233,0.847069,0.515983,0.680429,0.551879,0.215804,0.0,0.613675,0.886138,0.648516,0.404481,0.295848
DDA1,17.8648,21.0828,28.3647,23.0883,25.1055,18.2408,19.6627,23.923,28.5118,32.6457,30.1329,24.0674
DDA1,10.6639,14.5737,12.4985,8.35788,7.63783,7.0559,14.964,18.0489,18.0579,11.6324,6.9336,9.61941
cyt1l,11.1384,9.03737,32.8032,57.2039,29.992,18.5291,12.2658,15.2971,20.0936,39.6273,33.7602,16.9678
zgc:154141,1.7082,4.02304,3.17537,1.60156,2.059,0.685026,3.27881,4.4893,4.20004,2.0885,2.22543,1.17668
LOC100148221,342.126,317.203,309.372,218.866,276.626,323.057,318.384,338.406,202.932,198.346,257.654,334.962
zgc:92127,4.35408,6.18704,10.1484,12.3877,6.94593,5.78692,6.8792,5.79194,8.69145,10.2803,8.29067,4.57984
zgc:136367,10.2253,7.13829,5.62806,5.64544,8.40308,8.68049,8.50892,9.08303,5.63914,7.80449,7.25085,8.21967
zgc:77057,25.3305,23.4785,10.9275,15.2289,13.3109,21.8766,22.7508,25.959,21.0856,11.8899,15.5358,13.7945
bhlhe40,2.92975,17.4695,273.211,157.415,135.08,30.221,4.82056,20.7681,243.232,228.305,168.351,87.2382
zgc:158258,1.56713,1.54886,0.728136,0.362751,0.684243,1.08882,1.46272,1.17698,0.168508,0.786501,0.573873,0.910017
ETNK2,7.40187,6.25475,3.98071,3.66385,5.24521,5.97289,7.01102,4.69451,4.17611,4.62293,6.17233,4.94711
CLDN19,89.0041,113.851,146.909,124.349,144.266,81.2662,104.587,122.405,133.457,154.523,152.184,116.584
wnt4a,19.4672,14.4462,10.9788,7.15216,8.43032,7.43429,14.019,17.5237,10.88,7.97302,11.3514,8.50539
per3,0.0120314,1.01529,3.85308,10.2166,1.96369,1.00794,0.125637,0.677132,4.73992,6.17546,2.37666,1.82061
tas1r3,0.0,0.0,0.128338,0.165729,0.0959266,0.042532,0.0,0.0,0.13436,0.245744,0.251441,0.08171
zgc:110388,1.50007,4.51964,7.58525,5.28081,4.44574,2.72054,2.12206,3.38426,6.02292,3.57385,4.69507,3.33981
CYYR1,91.6422,71.4931,66.1228,56.6699,100.126,96.6078,86.6599,86.244,50.9165,72.0353,92.6551,99.8271
gli2b,3.86207,6.24375,5.39979,3.55814,3.68207,2.29868,1.8264,5.05011,4.21413,3.80006,3.02155,2.25082
,204.116,89.723,234.318,512.038,603.409,212.519,158.687,101.653,235.794,764.814,769.998,488.625
zgc:171846,9.73837,9.80591,8.86951,6.76736,6.8956,6.94746,6.86722,9.07898,11.976,7.49485,4.32937,5.4231
NOC3L,3.11841,3.44542,5.79783,5.47919,3.97255,3.50148,3.2122,3.47041,3.5558,4.41934,4.9176,3.75054
phyhipl,5.18637,4.25361,9.20001,9.78356,6.64725,7.57553,2.71144,5.04472,9.60734,14.2459,8.10196,6.10104
HEATR1,21.9015,23.0464,20.3614,12.3013,16.1243,23.837,21.1234,22.0173,18.0193,14.344,20.514,20.9038
NHP2L1,9.01897,9.62232,13.226,14.507,11.4255,11.7062,8.66663,10.5778,10.7136,12.1671,12.8568,8.26078
TOP2A,4.0885,6.32836,2.0402,2.6368,1.40415,2.73517,3.33304,4.86876,1.93854,0.472948,1.89942,2.00502
Ppp1cc,24.3601,22.2816,20.2039,17.6063,20.723,21.8279,24.3431,21.3999,16.7513,18.9798,22.7849,22.8833
si:ch211-147h1.3,21.8053,22.8057,21.8092,12.8483,16.4151,18.0696,25.7399,20.2175,22.3988,17.8545,16.9658,18.2553
MTA3,14.538,13.6835,12.8616,9.84323,10.9228,13.7236,15.0905,12.6641,10.354,11.0354,11.2537,11.9853
ttll6,11.2923,6.91066,2.48809,3.06934,8.38636,9.61729,8.99172,6.18274,3.23024,3.17674,7.99739,9.53267
hoxb8b,0.790568,0.608228,0.301245,0.21622,0.250366,0.728553,1.49741,0.10357,0.329398,0.111964,0.231578,0.979404
ARL4D,26.74,23.6066,13.6964,12.0244,12.8489,15.7158,22.8482,21.68,13.1708,10.772,12.7252,11.2387
bms1l,2.11383,2.95061,4.50831,5.18307,3.84127,3.50313,2.99454,2.76898,4.55899,4.64519,4.30182,2.79824
csnk1db,55.4797,46.5644,78.1734,60.2215,54.6028,37.3047,37.1053,40.4582,66.7065,70.8825,64.5987,44.1473
zgc:123307,11.4145,14.5141,13.795,13.5711,12.2018,8.8389,12.834,12.6735,18.0153,16.7252,12.6372,11.0646
GHITM,10.6125,8.08188,14.3188,13.5927,15.3779,12.3724,11.4628,11.4655,8.93039,18.0215,15.7421,16.4654
zgc:136906,3.37091,4.20878,11.6806,15.6692,16.0582,13.5265,7.29442,8.04274,9.47244,17.2837,13.624,19.0106
pts,35.1954,77.7875,75.2098,54.2839,29.8633,16.9202,25.1676,31.0221,62.1588,45.9751,24.1846,17.5277
mapk8,14.3857,12.502,11.0741,11.7694,16.115,17.9609,20.2032,11.7365,13.1247,10.7533,16.6638,16.2325
ppp4cb,28.6647,20.178,16.0327,13.9499,19.6243,21.5315,30.7402,22.028,14.578,14.7118,15.62,18.3405
zgc:158331,6.05411,4.78804,4.315,4.13498,5.21,11.3926,7.71611,5.79231,4.73584,3.62575,6.62997,9.07891
slc16a9b,12.6775,15.1998,17.3361,11.8254,7.91006,7.44676,15.8332,19.3676,20.9448,10.1663,10.438,8.90415
zgc:171763,40.0411,22.386,25.6617,30.995,44.1575,54.7497,31.5305,16.6686,32.3394,29.7976,36.1685,43.6725
kntc2l,9.46298,12.4473,15.1496,17.8844,12.3767,11.3416,9.626,13.1413,18.4638,17.4894,13.8134,11.2331
rac1,38.4446,39.1533,32.5421,30.4947,37.1781,40.4917,41.5209,35.5019,31.7466,31.5066,30.4684,32.7823
sult1st6,1.0677,0.922709,2.98743,4.72742,3.77688,1.62198,1.14721,0.436126,2.46871,3.15638,2.37299,1.48639
zgc:55344,7.68991,7.1828,7.61819,7.98474,9.09305,8.8285,6.74779,7.48425,8.22734,8.0362,9.3052,8.42787
nptx2b,44.862,30.4388,14.1129,9.72837,14.9399,21.0743,27.9836,34.8138,29.34,13.0544,17.1364,18.8508
tef,88.9019,82.1081,146.784,101.092,68.2973,55.9163,65.4893,93.1913,154.493,119.714,88.6953,62.4938
Msh2,4.31317,4.67153,5.44669,8.26175,5.06686,5.04193,3.27758,4.02065,4.81028,6.29375,6.46089,4.04456
Cox7a2l,21.7997,29.3116,22.8272,19.5744,21.8633,18.8009,19.8299,27.4048,23.2517,23.4758,12.8838,15.892
ACSF2,0.427135,0.56277,6.32172,6.62359,3.0113,1.42505,0.607071,1.18931,6.11446,3.66903,2.88477,1.38437
PSME3,17.8871,19.8641,14.4083,13.4397,12.8538,12.5871,16.6795,14.306,18.0121,11.1503,11.3746,11.6677
LOC559344,2.48198,2.41548,3.33524,4.71036,4.7211,3.89148,1.79823,3.59202,5.00368,4.9621,5.15654,2.09118
OSBPL7,4.92217,2.93472,13.0721,18.2741,7.90354,6.97084,1.26208,3.57984,4.80134,12.7044,8.74244,8.23006
ENTPD1,11.103,17.6237,22.5293,28.3329,18.1722,9.71587,8.39715,16.6877,20.4911,32.9429,22.0281,13.9434
map2k6,11.7849,16.8256,21.5604,19.2706,18.4342,15.5414,10.9148,13.5088,16.6498,17.5631,22.3089,15.2854
DOCK1,8.66705,6.59469,9.63981,11.7447,11.369,8.73565,8.88051,7.85407,7.73313,12.8275,12.2837,9.18063
bccip,18.3497,22.4833,28.687,26.7805,22.8,18.5834,23.6467,19.68,27.0525,29.1356,24.3426,17.4143
pald,5.44975,5.72636,6.76198,5.32465,5.08995,4.86136,4.91178,6.93161,5.44921,4.237,3.8982,3.7838
smek2,17.1891,17.3957,16.587,13.6584,12.9764,11.716,15.66,15.9473,15.7294,12.6757,11.4319,15.2134
smek2,1.47012,0.577322,0.325188,0.733884,4.76037,2.33727,0.73593,0.302516,0.672664,1.02171,2.21722,2.23272
nrxn1b,50.9266,51.4747,40.1825,22.3871,36.6363,29.008,53.0678,61.5274,60.4246,39.1372,33.1927,34.9036
Elovl5,1.87174,3.21479,8.75924,8.09755,4.90875,2.49706,2.17559,2.37026,7.6515,7.73599,5.24102,3.33233
prph2b,1.4056,0.241709,0.206174,1.42061,1.71622,3.73087,1.34455,0.868661,0.528524,0.419018,0.792963,2.28363
PSAP,379.601,319.775,321.628,273.342,301.409,299.552,340.005,378.469,347.022,290.757,294.521,319.959
Gins1,3.13088,2.86945,9.06124,5.13294,4.42603,3.23708,2.57512,2.67261,7.00628,6.57793,3.91373,2.93413
eif2ak3,7.35184,7.62516,6.15267,6.90637,6.32952,7.72121,8.2559,8.23631,6.64808,5.88648,5.7923,6.4811
si:dkey-259n11.1,13.6059,12.7829,12.3493,10.9531,12.896,13.2411,16.0601,14.1769,11.529,12.3807,12.9494,13.6761
LOXL3,8.06972,8.26564,12.6321,13.0856,10.2956,7.621,8.06861,7.96901,10.4532,12.5763,8.37485,10.4506
,25.4409,19.4743,8.74665,8.7521,13.7043,25.0822,41.2791,25.4558,11.9514,11.5951,15.2763,21.0496
bmpr1aa,11.3894,8.6414,10.153,8.91281,11.8739,11.4676,11.8959,10.5299,9.48002,10.3672,12.4328,11.9968
zgc:101897,7.39747,6.25793,15.7977,19.6021,12.2253,7.55009,3.84042,7.12984,14.047,11.9235,12.1708,7.39661
zgc:109962,56.8106,40.6899,12.7597,17.5082,36.4964,37.3213,54.0583,58.8756,17.9461,18.3547,35.6085,48.8337
arg2,7.37003,12.9699,59.547,31.5217,12.825,7.92505,5.09741,9.44352,33.7847,56.4622,22.0797,8.88952
Polr1b,2.46132,3.72084,4.79285,4.78763,3.8305,3.03147,3.76179,4.92051,4.50176,5.72486,3.46935,3.55681
Tmem50a,64.6852,60.4036,59.6184,46.7279,50.9742,57.2277,64.3963,63.5813,65.2858,47.9463,56.7395,54.5553
LYCAT,19.416,23.5216,25.7666,23.8825,24.8023,17.363,20.0033,25.2255,23.1295,26.4136,22.2334,21.0873
zgc:110045,118.475,67.032,24.8234,47.6449,98.7179,90.8054,118.297,96.9583,38.8405,77.347,121.705,149.904
mat1a,1.03531,2.97605,7.32242,5.96186,1.04977,1.49648,0.857172,4.41277,6.89047,1.64206,1.07342,0.666213
gfra1a,13.561,13.7405,11.566,10.5575,9.39326,11.326,17.3374,15.5266,11.7808,11.0909,9.91208,9.63974
,8.04055,5.34384,3.65938,3.0628,4.40409,6.03203,6.95373,4.50982,4.78406,4.3557,5.621,5.2032
HK1,19.1379,27.3174,35.9803,27.7568,26.7333,25.518,21.0588,21.1114,31.1594,34.3003,28.0421,21.8282
c10orf119,1.15834,2.65287,4.03405,3.64253,2.03475,1.47017,0.961926,1.54221,2.24645,2.39701,1.23377,1.38449
rel,3.55336,3.51483,3.39611,3.55058,2.09677,3.04293,2.94548,3.37146,3.75232,2.49312,2.27412,1.45052
Rrp12,7.97706,10.7559,12.0775,14.0457,14.5505,11.0297,9.65475,9.58618,9.60361,13.2925,13.0426,11.3761
ZDHHC16,12.1898,11.6339,7.60058,7.61102,7.46051,6.52435,10.0021,11.2357,11.0928,8.07299,6.21405,7.80503
NUSAP1,2.33775,3.76093,2.32235,1.21284,0.43146,1.23929,1.52261,2.43481,1.35565,0.109749,1.04269,0.528942
mycl1a,0.54327,1.05529,1.49687,2.12724,2.09584,1.81827,1.36663,0.884417,0.570024,2.68152,2.46226,1.2825
pcdh15a,5.16195,8.58531,6.78621,3.89752,4.40986,3.97933,7.09023,6.96999,7.31119,6.75506,4.34009,4.4762
zgc:112097,6.76046,5.04552,2.34114,2.65515,3.32023,3.98428,4.308,4.32296,4.06635,3.16944,2.90692,4.48457
slc30a10,1.28079,2.54403,3.83311,1.5032,1.24481,1.01239,1.61527,2.69099,3.46483,3.41899,1.21218,1.02177
zgc:66337,11.8219,19.8274,28.314,16.7167,16.0927,8.85035,13.6311,11.9463,24.0439,25.5651,21.3184,10.678
pcdh2ab10,110.328,82.3992,70.7702,45.0453,64.7772,96.0728,91.0864,75.5307,81.1253,62.225,77.2834,76.2013
HSPA9,52.8569,57.9801,62.0005,68.702,69.9668,60.4161,62.6764,51.8807,65.1254,70.6149,69.7958,56.2464
nlgn3a,19.0368,15.118,15.8832,11.5549,15.7207,19.7238,18.096,16.9934,14.5375,13.1717,17.5334,17.7752
IMMT,20.6422,21.9831,24.2704,24.2873,22.5142,20.3644,22.1319,21.5593,24.3351,23.251,21.2421,19.3466
ATP7A,12.5964,7.53637,6.24908,5.02399,8.1192,12.8439,11.601,10.0149,6.01622,6.76197,7.68084,10.6811
XIAP,15.7207,14.279,16.3368,11.2681,10.157,9.63807,9.16239,12.8057,14.7638,12.9464,8.71804,8.96455
zgc:73136,15.9021,18.7372,12.5507,11.8407,10.7041,11.5853,14.1036,13.9974,15.1688,10.7487,11.0328,12.3673
pdzd11,21.1559,24.1477,17.5011,12.5179,15.1721,12.3586,14.2428,18.5724,18.0182,13.1198,12.7741,12.2117
Med7,8.00899,6.28501,4.82739,3.47618,3.50756,4.54711,4.72703,7.13559,6.30274,3.485,4.37466,4.2589
zgc:77938,7.10391,5.69728,4.9559,4.58586,4.44529,6.7333,6.2247,6.13471,5.83354,4.50122,4.01686,5.20334
qdpra,35.493,43.5475,44.5439,66.4186,68.13,36.7784,50.4182,40.9345,54.795,74.9944,72.7228,59.0553
Etfdh,21.7029,15.603,9.15759,8.06895,14.3106,17.3075,23.511,15.2363,9.63031,10.5418,14.3316,17.4854
Unc5a,1.08236,0.799281,2.10506,1.41607,2.54859,2.94371,1.66844,1.22774,0.997823,2.95888,2.71879,3.28673
tcerg1,7.2692,2.85129,6.96848,14.782,25.659,9.50815,4.14889,7.04731,9.1279,31.8431,15.9322,23.0069
zgc:174864,1.72006,2.17374,3.66568,3.30421,2.43738,1.90536,1.55051,2.09308,3.32067,3.22544,2.61141,1.9703
zgc:65749,4.68272,7.89857,9.25934,9.24348,6.12076,6.58321,6.61532,6.22211,8.99677,9.06744,7.23903,5.00797
pcdh2g28,257.436,233.12,173.662,145.203,221.426,225.05,297.831,260.952,209.112,181.741,225.822,247.471
pcdh2ab10,6.66538,2.0086,0.320098,1.65313,5.58148,11.3384,6.4831,6.84131,2.32704,2.2528,1.19973,6.25559
zgc:162144,6.59666,8.39699,70.6673,64.2048,31.3735,7.57506,3.97062,8.33056,26.8536,114.578,49.6302,20.5475
zgc:64130,28.239,27.3194,31.0708,46.2089,34.2692,27.8536,22.0826,29.8434,30.8078,32.7744,34.955,25.7193
zgc:153710,52.3944,52.4122,35.0412,34.6407,31.0049,34.8283,40.8024,40.5795,47.7881,30.7846,33.0438,35.1016
DUSP1,145.02,114.018,124.531,122.296,173.722,140.17,127.83,140.618,106.388,146.268,186.087,191.591
Mxd3,6.06605,3.71751,1.37152,3.28538,5.39688,8.00024,4.13109,4.76253,1.46242,2.25729,8.06516,8.88754
zgc:158426,42.8603,38.2627,53.7506,56.9359,48.4671,47.4849,39.8952,37.1596,49.499,69.6592,57.3535,42.2905
Mbnl3,102.467,61.521,23.2228,41.3151,78.2753,125.266,171.574,92.3377,24.8414,40.032,79.0944,112.226
fgf13,8.16594,22.5458,38.058,23.7423,24.3488,19.5288,17.3016,23.7693,27.5776,35.612,28.2544,20.8208
UBE2A,44.4527,42.0229,30.1722,24.531,30.8507,32.3936,39.2115,35.1676,41.1142,23.0779,28.0574,27.2022
CLIC2,10.3976,9.15552,10.5896,7.61524,6.96161,7.93243,12.8983,10.4345,10.9992,7.23509,5.19213,8.43075
DRP2,13.1557,19.3961,13.1817,10.985,12.2783,13.0657,15.8832,24.1625,18.3179,11.7118,10.6083,12.7257
TMEM35,68.7795,50.8355,42.7617,40.4613,57.0852,56.5333,70.1526,59.321,46.7456,48.5178,61.5372,60.9909
mid1ip1,19.751,36.2751,79.448,51.8996,33.5468,18.812,27.8664,25.5193,75.7641,57.0783,36.5514,23.4766
zgc:153018,8.587,9.80049,11.6935,13.598,15.8287,13.6216,10.9379,8.48124,14.9846,14.1426,20.0886,15.4874
CCNA2,0.856766,1.55445,1.86603,1.73382,0.527612,0.934516,0.628804,2.25055,1.7975,0.416044,0.216619,0.327121
qdpra,13.9335,31.2941,38.3394,52.7618,54.1819,28.5589,26.4051,35.8466,32.2879,61.1181,59.7016,46.3308
tcerg1,7.01079,7.11857,10.8068,16.3952,20.9589,12.0149,9.40162,11.9588,10.7479,24.7006,17.1622,17.3953
NMD3,5.92502,10.3923,13.9261,11.995,9.74953,7.68127,7.86582,8.1006,11.0702,14.5983,12.0828,8.82843
si:ch211-113p18.5,5.54489,4.35379,4.50756,4.32433,3.18707,5.40492,5.73473,5.01478,5.02997,3.42658,3.46893,4.32962
zgc:73371,54.6565,47.7739,109.462,128.16,136.076,54.5927,38.8182,55.3295,50.7928,155.982,122.312,93.7425
zgc:194737,3.64409,2.98115,58.1085,37.9942,17.2229,6.16066,4.81228,0.95938,12.0777,61.9498,16.2073,11.1939
PLIN2,5.24768,1.66507,0.510624,1.03319,4.74873,5.09025,3.66844,3.23492,1.05974,2.09712,2.84557,6.21785
TMEM49,16.113,16.5571,12.3909,10.2981,10.2689,10.4985,12.8063,12.7511,10.6852,8.40794,10.5263,11.0231
IFT20,11.1094,8.69681,5.04348,5.25737,5.96603,5.69823,7.5452,7.57895,6.62457,5.68228,5.06599,8.39565
POLDIP2,7.82144,16.7118,23.9256,20.924,18.2102,12.899,13.0622,15.2683,22.4693,27.2342,18.6091,15.4968
zgc:152863,14.9809,9.57853,4.33017,7.68573,14.8103,14.8037,10.8481,9.65464,3.61896,9.02695,18.6198,22.1627
tsr1,3.77827,8.11647,9.29519,10.6087,7.95455,6.29456,6.46944,6.24626,8.20561,10.9536,8.8561,6.15561
slc43a2a,28.8084,21.425,19.0696,12.0757,15.0306,23.6211,21.6934,26.9675,18.8014,10.8327,11.2144,16.69
hspb6,1.16243,2.12921,6.4298,3.92545,1.85915,1.29922,1.46924,0.512225,5.66595,3.31432,1.97032,1.43163
cab39,7.99373,7.7701,7.98345,10.2234,9.99479,10.3902,8.62532,9.27944,6.2273,10.2092,11.8869,9.67156
Acpl2,6.5192,6.55878,5.12576,4.35815,4.3146,4.7171,5.75624,4.45086,4.92013,3.62792,4.1151,4.81955
SAG,182.321,135.872,107.298,190.65,224.004,119.857,164.391,109.378,129.549,215.21,254.65,231.686
zgc:165502,0.640833,0.589677,0.424241,2.52356,2.23096,0.742205,0.531873,0.80687,0.752633,2.73024,4.35403,2.7902
zgc:136867,0.0,0.0,0.0672476,0.21463,0.0815808,0.0,0.0,0.0,0.171634,0.105816,0.0515078,0.087643
zgc:63480,15.2651,16.6715,22.1273,19.0068,14.0007,11.5856,13.6811,16.7355,19.6,15.034,14.3736,11.9691
zgc:92746,14.3851,18.1197,21.7694,25.033,21.0551,14.6812,18.6636,15.3359,19.261,21.8904,21.5317,18.0631
guca1c,1.17303,0.793437,6.07974,9.67597,8.3177,1.43204,1.592,1.51445,3.07574,10.425,8.12986,7.31781
zgc:101710,9.74222,0.0,17.9875,37.2554,44.1323,32.0333,0.0,14.8846,8.38176,28.0259,17.8586,32.6122
rhoub,8.84077,11.9039,43.3956,20.0893,11.0851,7.67328,4.09008,13.9123,25.6061,18.709,12.0583,7.3989
si:dkey-114g7.4,11.8361,13.4167,13.2708,11.6214,10.9422,11.4437,12.5054,12.0146,12.2788,12.1834,10.7365,11.0982
Txndc17,16.376,23.5157,15.0102,13.4199,12.0232,14.6238,17.3587,15.4471,15.9279,11.0654,11.5976,13.4686
HIP1,10.6263,9.01739,5.87054,6.81017,9.84797,13.1011,12.4567,9.74503,6.23253,8.26495,11.9037,13.2849
mrpl28,9.88593,12.7057,16.8746,15.9096,14.4903,14.4271,10.7139,12.559,12.6082,15.9148,14.8654,12.513
bco2a,0.917135,9.59625,8.26818,7.86361,4.28335,0.380316,2.40032,3.63463,6.54325,3.71984,1.78454,0.69036
abcg4b,25.9667,24.6426,18.6881,30.1552,37.8472,25.1746,27.5504,22.1278,14.9533,31.3137,37.4778,35.6418
zgc:154093,5.45315,4.41771,29.9174,16.8818,14.4,3.82734,2.97149,5.27129,17.8216,31.9831,14.6316,9.58973
TMEM199,13.2417,20.9857,10.9332,6.96258,8.77804,10.0296,17.3957,12.942,19.5642,10.8774,7.59346,5.24018
slc6a4a,49.5244,40.3289,14.962,24.949,46.283,49.6951,53.0019,57.0953,28.2197,33.8939,47.6919,57.1889
samsn1a,3.69211,3.26473,1.45318,2.49207,5.05759,5.42349,5.05109,4.45213,1.89457,2.47672,5.26131,9.28913
msi2b,100.116,108.122,88.3294,87.1371,154.155,131.067,125.607,127.723,88.2294,103.338,166.09,154.464
WSB1,31.8727,30.4843,37.0238,49.5122,34.1373,39.6696,25.9372,31.0492,40.0288,39.0854,39.8361,31.9433
zgc:123204,0.0,0.0489212,0.320574,0.592208,0.093969,0.137572,0.0635135,0.0758397,0.273099,0.579317,0.171902,0.0673523
Wdfy1,16.4251,17.1005,13.631,11.2996,13.8479,15.9884,14.5607,16.8218,13.9736,12.0524,14.2904,13.5365
zgc:112998,4.27961,3.02206,2.24281,2.49756,2.57377,3.26877,3.55309,2.89934,1.89466,1.66466,3.45562,2.62393
zgc:153425,27.4008,20.7939,21.9396,29.5647,30.427,22.3352,25.9351,23.395,19.8566,28.2391,32.5322,31.4807
zgc:153372,6.18778,4.75603,3.0188,3.19788,4.38646,4.18966,6.20374,5.26337,2.4329,3.89451,4.35923,6.35152
cdkal1,2.60314,3.25227,6.62909,7.78224,5.85869,5.07115,3.00293,4.22341,2.81252,7.98415,7.04184,5.8384
zgc:158657,3.48296,2.49389,1.29475,0.764115,2.68209,3.06455,2.66149,1.9919,1.89878,2.4609,3.00711,2.9602
atp1a3b,259.527,320.434,472.647,575.768,589.763,294.455,321.112,311.744,340.349,643.922,573.132,492.003
dedd1,21.5209,33.8346,99.2952,68.3405,41.4777,42.4545,27.3941,29.4813,81.5165,88.8999,68.8435,46.2614
gnb3a,88.4552,76.0623,34.5975,43.9416,71.295,55.9616,116.05,95.7806,52.043,52.6833,69.2752,73.4046
POLR3C,2.72403,3.75441,4.03967,4.12623,3.40096,2.62517,2.31323,2.64609,5.19993,3.56266,4.01189,3.09053
gnl1,5.79126,8.19725,12.9538,10.2433,9.62341,7.57398,6.227,9.59567,12.2968,13.4732,11.3505,8.1319
efna1b,7.6784,16.8306,26.66,17.8042,12.6139,12.5474,8.28708,11.1926,18.402,20.3594,15.9426,15.7254
mylipb,1.57662,4.98262,12.3804,5.96039,2.61477,1.92597,1.46873,4.27084,7.2757,4.87126,2.8056,1.12314
gem,15.9598,12.5966,9.33876,4.53246,7.90067,10.1474,19.006,12.2293,8.11778,6.56674,10.3832,8.6532
CDH17,1.43417,1.32299,0.2657,0.21199,0.120616,0.417614,1.22109,1.78213,1.20214,0.214915,0.035218,0.205757
zgc:153892,5.61953,9.84269,12.651,13.7856,10.5785,11.164,9.33837,8.34083,11.5129,16.2921,13.043,10.2553
ndrg1l,368.46,73.941,3.45032,20.8449,48.5692,99.3339,249.561,121.081,16.1961,19.2056,48.3568,93.0223
Ccne2,3.57686,0.906271,0.538174,2.21698,3.55602,4.19745,5.06082,1.48601,1.20737,1.6947,2.32617,6.87367
gbp,9.73327,16.1643,33.2679,17.8996,16.1839,10.8451,9.46684,17.6119,23.3657,18.4958,20.1862,13.9801
zgc:136346,96.2241,70.8641,49.472,65.0209,93.8982,79.1204,108.362,80.1143,48.2964,69.1886,92.0977,94.5712
couptf4,0.367614,0.0657811,0.214108,0.480398,0.384874,0.316736,0.085027,0.1813,0.0820497,0.304847,0.482546,0.389873
zgc:92467,17.3644,17.3847,18.085,14.1166,12.465,14.1017,16.3385,16.5956,17.8549,13.4706,13.27,11.0715
zgc:123210,138.161,140.813,126.035,131.305,70.1361,98.9167,106.959,128.903,167.9,90.2513,95.6267,64.2248
grina,53.7022,53.6478,41.4858,34.4286,38.7465,33.1803,49.8944,49.4171,40.5826,35.4137,35.4272,37.7901
smpdm,85.4127,154.652,75.6426,52.9213,70.2279,75.1174,113.226,128.452,97.8055,59.1827,61.9804,63.3103
BMPER,75.404,69.6152,27.8701,18.4391,32.2626,31.5469,81.5856,137.946,60.8818,35.2878,26.101,39.3274
CA14,54.2208,39.4061,6.17035,18.8997,55.6371,50.2963,79.8172,57.0915,27.1112,24.4438,51.8311,71.6897
PEX5,23.0979,22.5615,27.1702,29.2598,27.6818,17.435,23.1282,25.1035,25.8144,35.9924,27.7329,23.7582
Trpv6,0.0,0.120323,0.202297,0.325469,0.083044,0.0,0.0,0.0955064,0.0287939,0.265071,0.15919,0.0
,8.04198,84.507,94.6563,23.8281,9.12027,13.1003,13.6381,75.403,159.093,28.2029,16.3608,11.0459
rcv1,540.408,353.652,130.808,222.191,323.181,275.302,482.924,411.371,233.012,278.297,338.799,406.598
hdac9b,30.2939,30.9462,16.5159,17.3336,20.075,24.4622,32.6974,30.4902,13.7123,20.0382,25.0097,30.6221
ABCB4,0.553545,2.19556,8.82462,5.60948,3.17536,2.14518,0.764364,1.69911,7.23111,7.34688,3.78688,2.95675
stt3b,17.9132,21.433,23.7308,23.1163,21.7776,21.6533,18.4186,19.6201,21.8292,21.8009,20.6817,17.7819
Tgfbr2,4.13808,4.51768,6.75245,7.61361,5.49167,4.22991,3.11774,4.22367,5.27848,5.18516,6.06698,4.54958
,17.5659,21.7047,18.9097,11.2407,13.0515,14.6726,15.0037,18.7447,18.7591,12.911,14.9764,14.2584
dpy19l1l,27.3655,23.9411,28.2132,25.0878,39.1825,30.9231,25.435,25.3828,22.309,38.2632,42.8938,32.671
azin1a,10.2958,10.9323,8.52664,7.51069,7.21017,10.6257,9.52211,9.94579,10.0326,8.13272,8.13464,7.48507
rbm24b,35.5881,31.0266,32.0452,30.1195,32.2436,33.6938,34.2173,33.3374,28.6809,29.6812,32.2483,33.5445
Cyp11b2,17.8073,34.0123,43.7177,6.59668,5.57643,4.53338,18.2429,48.6989,61.4195,17.2756,8.52406,5.90804
zgc:85909,3.4065,6.14442,7.15265,6.19293,5.43209,5.58309,4.42997,6.29539,8.55362,7.9422,6.79993,5.57091
FBXO30,3.69667,4.03725,2.21039,2.57496,3.22636,4.52767,4.72718,3.49341,2.21072,3.0333,3.21594,3.57461
Mdh1b,16.1536,18.5508,23.9995,25.6248,23.9057,15.95,20.7642,15.2992,22.6516,33.6851,23.6535,18.0066
WDR43,11.036,11.0112,17.2731,15.7631,12.5971,11.3069,9.67867,10.8517,17.709,13.1199,15.3619,10.5091
zgc:162232,18.1684,15.8817,5.35644,3.6152,7.26201,8.50008,24.7996,20.0684,9.02198,4.84147,5.87462,10.0619
,19.1028,18.7591,13.9672,12.8816,13.0933,13.3335,16.1779,18.5298,17.4227,11.7183,14.0025,11.6655
zgc:110805,2.32637,4.49463,4.43964,2.59847,3.25825,2.48662,2.94069,4.48517,5.86026,3.83725,2.72779,1.9154
ywhaqb,160.706,169.344,170.803,127.516,134.459,158.517,143.985,165.831,161.086,144.882,141.64,126.5
ctsba,77.77,102.177,92.4124,66.5701,62.5256,62.4724,94.7916,94.3239,79.4851,70.8383,56.8391,64.7871
fut8,14.4321,17.5878,28.6177,24.8879,23.3004,20.5517,13.6359,21.3861,21.0256,43.603,27.0332,19.8654
asap2a,17.9811,15.0415,7.40707,6.76237,12.0018,15.2234,21.8226,19.7694,12.0857,9.32102,14.0362,16.5969
zgc:158138,36.1316,28.5753,24.3062,19.5692,27.4552,29.439,34.9272,32.1783,26.2128,23.3364,27.8986,27.2838
zgc:153098,38.9317,33.0642,22.1706,14.5143,23.7721,23.2021,37.3322,43.0013,19.6895,17.4818,22.2727,23.0708
PLEKHH1,7.36945,4.65459,2.98618,3.26351,5.45462,5.28745,9.04324,5.3985,4.49699,3.61772,6.9865,6.81452
zgc:101720,5.37712,6.94881,9.13812,7.20978,8.51298,5.97478,5.10286,6.3949,7.41648,8.62137,7.80415,7.14325
ODC1,21.3356,14.1813,9.19236,10.8516,16.7881,28.0247,20.8446,15.4242,7.33019,8.54487,16.5038,29.5792
Ephx2,10.9106,10.8742,11.049,18.0295,15.2768,9.31408,6.97016,9.98512,11.6374,20.2914,13.6055,9.72289
MGA,18.6176,16.6558,17.6847,16.6017,19.6306,21.139,19.0538,16.6015,17.3858,18.5118,22.6108,22.2499
Smyd3,2.24138,2.44439,3.50051,3.76507,5.62523,3.97299,1.71379,3.24834,1.97535,5.15429,5.44331,5.33628
,12.3126,21.4487,37.898,28.9195,30.0669,18.0304,16.7182,20.496,37.5591,46.6629,32.5507,25.3775
zgc:195269,1142.94,876.325,471.68,610.73,860.602,717.133,924.235,943.056,476.159,683.63,909.062,912.853
zgc:193593,578.589,347.345,155.287,133.603,160.335,167.361,337.258,349.362,206.545,179.547,175.869,219.942
Id3,124.756,132.44,34.0386,43.783,54.7216,46.4355,109.87,130.893,61.1316,40.4626,56.578,61.1677
ivd,17.4389,21.0706,21.1539,20.122,19.0075,17.3136,17.4225,17.8645,23.6416,20.4331,16.6173,17.0104
myo6b,5.99782,4.35854,2.89589,2.80963,3.77477,3.79929,4.13647,3.52546,3.05431,2.36981,3.90898,4.06812
CRIP2,10.187,8.62151,5.29518,9.07923,10.0105,10.5632,10.4981,8.53401,3.89635,5.92517,9.60894,10.5062
zgc:193725,57.6199,62.1604,39.0501,39.3507,39.7791,34.8584,49.3814,47.068,49.4353,28.8243,34.5854,33.8312
zgc:103755,6.45215,4.73851,7.01679,9.25283,8.45177,5.26038,6.25037,6.10942,7.01165,10.4926,8.57485,6.39581
zgc:153625,0.853175,1.69178,3.76354,2.64849,1.81174,1.60687,0.810082,1.23823,2.33449,2.64069,2.05164,1.48645
Psen1,14.8783,13.4631,13.0953,12.1916,11.163,12.2901,15.7761,15.249,11.2823,12.2966,9.86514,11.5152
TGFB3,8.95718,11.801,14.671,14.3468,9.06852,8.5955,11.7646,14.1669,15.0585,11.071,12.7257,10.6925
zgc:111960,28.6353,36.4678,20.4468,15.0332,9.12627,12.8318,30.5434,23.5764,30.4268,9.92446,11.614,14.2537
zgc:158718,16.4063,24.1632,35.8542,25.4767,23.5641,23.121,21.1373,29.3464,33.0521,22.871,19.2886,21.0098
zgc:194766,3.95058,5.16018,7.46185,8.99445,7.89177,4.2254,5.69018,6.13063,6.66032,8.38652,8.16449,5.8987
dnaja2l,51.6291,46.043,31.9754,29.6555,39.0824,50.4776,60.4833,48.9841,48.3354,31.0401,45.1858,42.912
CIRH1A,3.67124,4.19212,5.09924,8.13669,5.22915,4.72197,2.06013,4.41967,4.33188,7.55471,5.23725,4.27615
cry1b,1.66358,1.68014,18.1803,16.5319,9.42993,11.3191,1.78874,1.49496,6.00257,15.8002,11.8845,10.3976
zgc:123203,3.98636,6.23064,14.2942,15.0658,10.3202,7.37192,5.31475,6.3265,9.08343,12.6433,10.6547,7.35087
eif4g2b,45.3042,44.3601,50.4151,50.9079,49.7891,48.591,45.4491,45.85,50.4697,54.9187,54.7554,47.2072
DDB2,1.50785,2.23853,7.38032,7.29648,2.86683,2.24013,1.91565,2.53399,7.54793,4.25681,2.56922,2.40109
zgc:66441,3.65593,4.5054,2.9295,2.88102,2.75366,3.12429,3.38625,3.30412,3.2952,2.5556,2.62256,2.64703
CTSH,10.5404,13.2447,10.8532,9.63536,6.73223,6.713,8.25511,9.71695,12.0496,7.80648,5.43549,6.75942
tspan18b,19.0665,13.3944,8.70057,9.0227,10.8223,16.4264,13.528,14.1707,12.2035,9.5788,11.4636,12.8755
TIPARP,17.7853,14.0206,19.4229,18.852,22.2994,16.8114,15.474,15.2948,19.0127,22.4704,22.2442,21.0553
si:dkey-12o15.1,5.44012,11.3648,9.1734,8.18533,8.03787,5.26045,5.03933,11.6375,12.7266,9.12097,7.73956,7.19365
nucb2b,7.7596,8.36642,10.4299,12.3189,10.1967,8.61291,9.00196,6.55466,9.52258,10.2229,10.6507,9.40531
,16.4834,28.7179,18.9217,11.6479,11.8597,13.4595,17.1482,27.0942,24.6523,16.6491,13.9238,14.3461
Bcl2l10,13.7435,15.7346,11.6327,10.6056,10.7906,12.1964,15.5702,12.582,12.1443,7.84727,9.95184,8.31913
colm,0.117434,0.199981,0.352678,0.212217,0.511182,0.401408,0.0651863,0.0396387,0.0726737,0.207554,0.535103,0.56493
si:ch211-132b12.7,0.737104,4.39251,40.9807,19.317,2.37008,2.13017,0.0,1.0433,18.8055,33.3501,4.7917,1.34204
bcl7b,5.5319,5.51877,7.66862,6.58575,6.36679,4.50288,4.8262,6.33083,6.45284,6.51368,5.40548,4.49353
zgc:136844,5.63681,8.12955,12.0838,11.7589,10.3296,8.31309,8.45041,7.88037,10.5756,11.6935,9.59683,10.6387
pkm2a,98.4362,100.958,137.355,136.669,151.203,119.738,94.4257,94.1629,104.705,137.303,140.603,114.907
dhdhl,4.64511,6.4995,7.26413,6.62542,4.1201,4.86417,7.5647,9.1528,6.36109,3.22008,3.46372,2.43177
Pepd,17.7189,19.6219,23.2517,22.006,21.6509,17.5381,15.2144,19.2273,20.4576,20.4772,18.1361,17.2986
cd9a,57.8177,44.2181,27.0499,23.4495,30.8626,41.2261,47.5219,49.2719,48.7247,24.4165,28.3827,39.2171
PDP2,3.74341,4.18825,4.4503,2.61459,2.56107,3.1796,4.51775,3.66232,2.92321,2.25243,2.62286,2.83959
RBM28,4.4434,5.01383,8.2297,8.00061,6.24337,5.93759,4.13554,7.16676,9.45752,7.3707,5.98046,4.7842
si:dkey-238o13.4,66.6466,47.7861,23.3792,19.0107,59.7672,41.0464,51.2712,21.6821,23.43,14.202,30.7597,65.0697
ARNTL2,9.08482,4.60768,0.845923,0.4938,1.92689,6.64625,9.05112,5.51125,1.03202,0.710552,1.77621,4.72205
zgc:123203,0.663561,0.656666,2.16667,1.65663,1.08774,0.767792,0.0,1.57885,0.87096,2.08173,0.966075,0.491121
DENND4A,10.4017,7.20706,5.31758,4.32718,6.48919,11.3907,11.0242,9.03096,5.46188,5.78082,7.76843,8.59881
ASZ1,0.327292,0.230763,0.624821,0.739312,1.06643,0.529276,0.656035,0.510204,0.519847,1.02132,1.41575,0.621085
igf1ra,9.70768,6.85192,4.10278,4.65775,6.50675,8.13036,8.47084,7.90187,6.03916,6.00458,6.86262,7.65852
pnp6,30.0758,33.9959,42.9545,38.3591,42.5431,27.0758,27.0254,35.7349,41.2436,48.0821,45.7236,39.8955
Pskh1,3.59593,2.90934,2.50888,1.92883,3.14524,2.93152,3.53253,3.23487,2.63621,2.36007,2.63548,2.81845
PDCD5,19.1263,21.0983,25.4931,17.1444,14.481,14.1615,17.4038,18.0856,23.1559,14.883,10.9772,14.3594
Nat10,4.62128,4.4845,6.92095,8.21994,6.85096,5.94889,4.00567,5.42415,5.77108,6.99314,7.37595,5.78817
SLC19A3,0.0,0.0,0.0,0.063418,0.072559,0.0781869,0.0,0.0,0.0,0.0,0.182359,0.0762378
Ube2q1,12.9165,12.6574,12.5908,9.68805,10.9299,11.1288,12.8678,14.0872,12.0067,10.8657,11.697,11.9018
hnrpr,17.5414,19.1028,26.6904,23.6948,20.3578,21.0614,18.8092,18.9409,22.2474,21.6672,20.4308,18.6159
oscp1,4.30304,3.22815,0.937035,1.45839,3.20528,4.04983,4.3468,3.37056,2.00809,1.17027,2.72511,5.83205
zgc:152998,24.4273,24.9811,13.5109,12.8305,11.4748,11.396,20.9648,15.3733,21.1845,9.95723,7.11171,10.2728
Brp16,1.33819,2.40802,3.86704,3.43962,1.97102,0.998583,0.98225,1.63166,2.86813,3.7658,2.72052,1.85439
hsf1,23.4834,18.0921,18.1409,16.1795,25.9305,25.1754,22.9612,24.6084,16.6462,19.6143,26.3267,23.9214
si:dkey-211g8.3,15.1467,19.693,21.1554,16.1852,14.0639,14.858,19.3936,19.5551,23.9222,17.0849,16.3993,13.895
SPAG1,3.88934,6.19048,7.60079,6.49203,6.43943,5.22651,5.02498,5.77463,6.26516,7.778,6.59536,5.66665
si:dkey-46a12.1,45.7465,29.2376,18.6845,18.092,21.8942,22.2827,32.5907,37.1768,26.9171,18.8215,19.9454,22.2469
Mrpl3,4.58555,5.54398,7.48981,8.48613,6.90139,5.75583,4.56848,4.6217,9.33971,6.72558,5.32643,5.11463
nr1d2b,5.69713,37.192,95.3884,86.0615,42.6207,12.1513,16.4614,39.1496,92.8979,107.04,58.1843,16.766
nsun2,5.20248,6.37926,6.98718,5.93027,5.48897,5.46933,4.88462,4.68336,6.9741,6.50404,5.92221,4.71416
ldlrap1a,15.203,6.36907,4.56409,5.48222,10.9138,13.2434,12.3181,8.62955,6.11125,5.59652,12.3281,10.661
atxn1b,34.9737,17.2677,12.4678,18.0141,29.5191,37.9572,30.3206,21.4661,11.9935,20.0926,32.301,35.581
THSD7A,13.62,16.3125,9.61415,8.75498,12.1714,13.0842,18.2228,16.5969,11.5129,12.7679,12.2824,16.3839
si:dkey-158b13.1,7.89261,9.83502,19.9623,22.6389,20.63,13.1055,11.7131,13.0598,16.2109,22.4439,17.7654,16.5543
Tbk1,15.4098,20.1766,21.3641,18.5241,16.1076,15.7863,18.065,19.6376,20.083,15.8907,16.2937,16.6555
zgc:136572,13.0178,16.6077,0.486684,5.0237,11.6825,10.9686,12.6738,8.03649,6.41014,4.08124,4.59925,12.932
zgc:153384,3.28047,5.22282,7.91366,5.42719,4.73616,4.15371,3.10444,5.20962,4.77054,5.00889,4.83176,3.46288
zgc:63779,6.00495,6.85354,7.33891,9.01132,8.52166,6.14593,5.96205,6.95794,7.15037,8.92318,7.97041,7.65228
msto1,5.28202,7.80146,10.4193,10.4522,9.52025,7.07316,7.93146,9.01345,11.936,10.8514,10.7678,9.31752
gnb3b,101.008,88.0501,38.5498,39.5134,84.425,91.4283,104.325,133.681,65.0476,45.552,86.0314,121.714
si:ch211-210h11.10,9.27172,10.0041,4.85609,4.76245,6.70431,8.48012,9.85625,9.47154,4.24138,6.54388,7.53111,8.06816
si:ch211-39a7.1,9.16584,5.15984,3.50364,2.50669,4.41464,5.65242,8.28158,7.53027,5.2125,5.45491,7.17638,9.1161
celf3,103.465,73.827,55.5961,22.56,33.5038,36.6505,67.1318,67.4284,68.1596,35.3476,39.803,36.647
"regulation of transcription, DNA-dependent ",3.03895,25.7558,48.9213,17.4024,6.5802,5.28293,4.37746,20.7481,57.7895,22.8274,14.3457,3.7574
u2af2b,29.6729,31.0921,29.4201,26.487,26.6615,28.6311,31.07,29.2651,29.5742,26.2992,28.5108,26.3783
zgc:77395,4.02317,5.74442,15.8934,11.1026,8.65758,3.44719,2.93655,2.97824,10.4207,15.4722,9.8603,7.25488
ncaldb,63.3345,63.9784,187.33,83.2637,70.6555,33.8104,33.4895,62.5163,126.587,144.519,83.515,52.7735
CLIC1,41.4412,28.428,16.5094,17.9467,18.7734,22.5944,31.8981,26.849,19.0448,15.6285,15.9652,20.2335
si:dkeyp-114f9.4,96.7075,50.1226,15.5403,25.4155,57.0815,80.2401,91.3687,77.841,43.0101,22.7625,50.7436,84.5548
si:dkey-151c10.1,12.5831,19.3503,30.5368,25.419,19.7908,22.0678,14.7802,16.1866,22.9204,22.7678,18.6827,16.3028
zgc:101594,2.64414,2.34117,3.93408,3.81491,2.0691,0.718436,1.84319,1.9728,2.62375,3.8081,1.96836,1.6283
ZNRD1,0.984165,0.955938,2.51629,2.84984,3.00578,1.17309,0.647623,1.26745,1.56413,3.53102,2.53346,3.80579
mycl1b,19.065,12.9375,13.3491,14.8273,19.7826,19.6654,19.029,16.7504,10.0254,17.3271,20.9796,20.6703
BZW2,7.05595,20.6165,40.3182,22.4565,13.4934,10.5286,16.8551,20.3824,34.2955,33.6745,17.7743,13.9803
HEY1,62.0475,45.5947,15.0459,16.0183,21.5711,19.6244,35.9929,48.2855,33.2719,20.3342,25.5915,24.0992
Hpca,27.7958,39.5365,56.9782,53.0858,55.9842,41.7989,36.6744,43.0641,55.0445,82.6986,60.7561,49.098
si:ch211-197n10.4,3.47992,4.37668,7.30429,6.49788,5.0662,4.02432,3.84268,4.42953,8.59238,4.81907,5.34999,3.57738
si:rp71-57j15.4,4.91196,2.71145,4.10449,3.98416,7.63907,7.09076,5.97237,6.19654,5.02047,5.99136,8.6743,8.96279
ZCCHC17,5.86385,6.15237,8.86124,9.18598,8.48389,6.22195,4.69886,6.6316,8.87022,12.3132,9.61315,9.84427
zgc:158374,5.94295,8.01604,6.95106,2.62872,3.29086,6.20634,7.2234,4.89516,5.08183,3.35767,4.00954,4.26196
SDC2,32.3567,36.4175,36.2606,37.7298,31.9727,32.172,33.727,38.7497,39.2484,34.0066,32.1905,28.2876
zgc:153914,13.4399,14.1226,27.9225,18.9195,16.0837,15.1865,15.9894,16.7825,20.1644,21.9583,14.4723,14.1125
hig1,39.4831,33.6197,66.3995,53.3974,37.571,31.0647,16.6892,22.5323,43.0866,53.3866,34.9097,23.2327
aqp1a.1,64.512,95.3058,237.786,181.006,149.678,69.105,87.814,154.128,219.551,209.258,171.821,135.913
,4.65051,6.84927,3.11848,2.19935,2.99983,4.25152,7.82063,6.1472,4.33392,2.53562,4.323,2.9283
cdc14aa,59.7459,45.8746,25.1017,33.7663,48.7444,46.6682,58.2366,51.3227,26.3741,32.7613,44.7153,68.8893
cdc20,0.920593,2.97752,2.04226,1.11245,0.532266,0.505305,0.811521,1.16236,1.10152,0.527365,0.119464,0.539179
rxrga,1.37343,2.66781,2.33629,1.93268,1.20934,1.19975,1.72938,2.32309,1.7602,1.51282,1.17318,0.871798
mknk2a,10.3746,6.50387,16.0409,15.8131,25.233,9.51557,6.898,8.28937,9.47045,20.7804,22.155,16.162
KIFAP3,15.6555,12.5265,9.01232,9.59411,14.4696,14.2551,17.4536,15.0744,10.7836,12.603,14.6227,13.6545
PIK3R2,18.1203,23.5754,41.8641,32.6685,36.2384,25.0838,20.7107,29.2646,32.7616,46.338,41.9788,26.9649
lppr3a,5.3027,4.00382,3.02196,2.83148,4.27915,5.73485,6.51482,4.09695,4.95797,3.46263,5.9255,6.51893
zgc:158349,8.09099,6.40209,6.14994,6.76445,8.31779,7.80091,8.25508,6.87912,6.92909,6.98974,9.47125,9.54418
si:dkey-94e7.2,24.8107,34.4675,27.6586,22.9974,20.875,13.1325,22.0276,28.3165,29.8417,31.4026,25.3262,19.7704
ankhb,29.3988,25.558,27.3822,13.5667,19.7273,21.6337,27.6155,37.4381,21.0208,19.3312,22.2456,26.2042
mycb,24.829,42.1784,78.5729,61.3438,55.9641,28.8058,43.2229,47.0179,60.7682,81.7216,74.0516,49.669
KLHL18,5.07296,5.07489,4.24798,3.54201,4.27588,4.97733,6.33097,5.67317,3.6659,3.63548,3.6087,5.23765
,2.24081,8.00099,33.5086,33.8286,25.9643,3.75622,0.742017,4.83368,15.6961,54.5252,32.9901,22.6438
zgc:136870,1.32975,1.81325,2.99483,1.50067,0.473014,0.569677,0.729272,1.69198,2.03095,0.656149,0.65139,0.798426
Pard3,16.1655,13.2138,7.61392,7.60619,12.1645,14.4407,21.8409,22.5897,11.8552,6.92613,11.5148,14.329
si:ch73-52e5.2,5.60849,4.858,4.61628,3.09553,3.89929,4.1442,5.1799,6.36275,3.35448,2.70845,4.93152,4.74467
ANKRD12,16.9215,15.4597,13.1386,13.5763,16.2539,21.3295,21.1043,19.0988,14.1305,15.0842,20.0137,22.3971
vapal,18.9549,21.2114,30.2037,23.021,23.5184,20.4957,18.8977,22.3724,26.0652,26.8067,25.4386,18.5416
zgc:110180,20.9054,22.2465,33.7332,29.6161,29.206,18.714,21.9154,30.6891,32.1318,30.5726,30.2121,26.0125
adcy1b,26.3676,44.4702,76.48,36.9044,33.8808,18.5435,22.3132,31.4862,50.8423,62.2478,43.1889,30.0277
rpe65a,329.699,525.856,1402.56,725.332,411.614,152.104,208.848,583.322,1079.64,786.212,356.329,250.218
zgc:136547,4.86605,1.99475,0.889316,0.996518,1.59545,3.7261,2.81773,2.46191,0.938118,1.36595,2.62529,3.53652
dlg1l,20.5015,16.5499,15.8058,9.99685,12.3647,17.2303,17.0894,19.8923,17.7899,14.6336,14.1455,15.7163
zgc:153115,6.50334,5.60002,3.90054,3.82047,5.70304,7.35937,7.47753,5.14995,3.99291,5.20891,6.64028,5.71893
fam73a,11.1159,11.6584,9.00829,5.15833,5.61498,8.42934,15.0037,13.8453,12.1449,6.68384,6.50173,6.15368
bcl6ab,2.53565,4.13947,5.10746,4.24876,3.22475,3.17113,2.64435,3.37586,4.60778,4.5567,4.46964,3.06627
zgc:76925,15.8899,12.98,7.5461,9.7304,11.996,12.3524,15.7651,13.8212,13.1731,9.60241,10.4305,11.2513
atp1b3a,11.8604,18.9734,34.6145,26.2613,21.04,21.2006,16.1679,19.6494,37.1804,26.5845,21.251,17.4307
zgc:172298,23.7505,15.5492,7.70102,5.20704,10.3134,21.0638,33.1305,21.705,7.67418,7.33823,10.2693,20.432
zgc:114139,36.9056,22.3621,14.9075,14.216,25.9629,29.513,34.914,36.0808,20.277,18.7185,26.6841,28.9943
TMX3,132.683,61.2075,4.89077,32.129,83.2667,87.2842,101.443,72.8186,15.5266,21.0893,66.1361,111.93
LOC566207,16.4385,16.7286,11.2333,11.0511,14.7256,14.842,16.1125,15.8739,13.8012,13.5584,15.0221,15.4666
PER2,3.61878,5.34414,6.39627,7.4722,7.32623,6.1898,3.52024,3.30713,4.16132,11.5119,9.12425,8.30532
cdc34b,45.2881,31.6578,20.7159,26.814,38.8283,35.9673,52.8987,44.9221,30.3344,27.425,38.459,41.5469
shda,5.24835,5.01602,4.53278,4.00542,4.201,4.83254,6.63002,5.46334,3.24678,4.17783,4.30088,6.85853
CYYR1,5.65692,7.4335,7.07474,3.77242,4.80234,3.94502,5.48075,8.30246,7.49286,6.42823,4.37917,6.2275
si:dkey-77b17.2,3.62897,5.19455,7.23787,6.998,6.83384,5.88222,3.96587,5.50827,6.50928,9.65317,5.99044,6.70851
CDH2,56.0003,51.955,39.6266,33.8227,51.8293,57.7182,56.7883,53.7115,45.3357,38.7467,51.1791,51.6203
si:dkey-77p13.2,28.8878,25.6553,21.8732,12.696,14.4854,17.9276,18.5145,30.8689,23.807,19.5916,17.1003,15.8757
JAG2,39.9292,32.6242,19.0194,22.5743,31.0714,29.1249,39.1949,43.8689,22.6538,24.2539,32.8991,34.4635
CLOCK,7.80818,4.53251,1.87987,2.77306,4.28086,11.5597,9.87416,6.21964,1.88725,2.56807,6.00644,8.14301
FRYL,24.6243,34.3546,47.9201,41.1197,29.9445,27.2196,31.7464,45.4747,37.7118,39.9549,34.8712,33.6205
cyp2j24,3.28713,4.52108,22.6775,20.8448,12.2403,6.73153,3.16567,7.92014,15.0269,20.0201,11.7049,10.4887
PPAT,5.35395,15.8986,17.0789,19.7478,17.6933,8.22646,7.09552,10.8997,16.3772,22.1796,16.2225,12.1192
zbtb2b,3.85695,4.81455,4.2703,3.34494,2.70988,4.18679,3.21644,4.21813,3.99131,2.33742,2.31923,3.18108
zgc:101058,53.6716,49.0589,39.2892,27.7228,36.6429,31.8725,44.6807,43.2989,46.9531,35.3275,31.9124,34.5527
Otof,5.43756,5.64002,5.16991,6.01897,6.25241,6.61265,5.96599,4.90648,5.42633,7.53534,7.03696,6.67401
CD164,30.2133,35.4516,39.6948,44.8516,40.451,35.2409,30.4589,36.9676,37.0985,37.359,40.0026,33.5703
ivns1abpa,432.594,423.241,355.766,236.48,325.827,290.411,375.507,361.384,381.174,265.638,303.967,361.079
zgc:92578,21.2421,17.5442,14.9962,16.4607,19.3168,21.8664,21.3951,21.5093,16.5635,12.85,20.3126,22.7743
LOC794131,3.09818,4.26025,7.70311,5.74978,6.27504,3.81038,0.663818,4.22487,3.4998,7.81598,9.06777,5.64656
moxd1l,0.0,0.251181,0.803861,0.331074,0.0541172,0.0604264,0.0558485,0.0,0.52254,0.425163,0.142254,0.0
zgc:103511,2.5972,4.67551,5.39645,6.36441,4.10925,2.27649,3.26802,2.81488,5.8204,6.26536,5.35069,4.01423
zgc:162967,2.83902,2.55073,3.27444,4.96344,3.79557,2.88895,3.16525,2.9875,3.63424,4.57879,3.42336,3.09362
zgc:136752,8.88823,10.0489,20.1281,11.7248,7.21422,6.58958,4.81265,8.50106,15.4682,21.3468,10.9521,8.30449
,11.6002,8.28106,9.77191,6.67493,13.1051,25.1956,19.6081,11.0726,7.43095,9.56342,20.923,19.5575
RPF2,2.50282,5.4728,11.3094,10.299,6.01303,5.19591,4.6693,5.08684,10.012,8.05114,6.28869,4.84263
Gabrr1,0.356301,1.48257,3.67271,6.11277,3.85907,1.57201,0.962394,1.26581,1.44487,11.24,5.70221,3.2084
Pcmt,16.7368,21.615,35.0152,31.1191,28.1267,23.9547,19.9477,29.8338,31.4316,32.9203,32.1858,28.9531
,0.150175,0.416316,1.7464,2.77863,3.17535,0.598272,0.0352945,0.729893,1.17277,2.72386,1.45592,1.10481
zfp36l1l,55.4829,48.2442,85.6856,70.313,70.8834,50.8075,46.4541,60.4485,60.8041,74.3367,80.0134,62.0163
si:dkey-239i20.4,0.536079,2.85383,8.84993,7.9499,2.25741,1.25056,1.57816,3.49035,12.5921,5.63667,3.18654,0.819233
CDC42BPB,20.4636,17.776,17.3683,15.2298,16.9376,18.9093,18.8037,19.6341,17.9772,17.6649,16.8085,19.2823
XKR6,2.46168,2.57597,1.54684,0.805321,1.64638,4.31483,4.74551,1.86264,2.07488,0.891156,1.45415,2.1144
PPP1R13B,12.1312,13.785,21.2483,16.7826,17.2209,18.3591,11.1798,16.1739,19.9044,26.7609,21.8982,15.9327
ckbb,528.524,668.922,998.343,1003.47,1189.78,660.502,819.651,666.22,970.126,1249.6,1152.6,948.078
TMEM165,32.8947,26.0647,19.4255,18.1803,24.8166,26.3087,34.8345,22.2027,23.8808,21.7961,24.2473,25.5239
RASL11B,8.34594,8.04698,18.1903,7.27878,7.00289,3.83411,4.937,10.5103,17.2976,10.6535,6.02921,6.06897
cyp2j30,0.198431,0.0834703,0.887403,0.874487,0.412706,0.0,0.0559079,0.0642593,1.15051,1.09121,0.140555,0.121528
cyp2j29,1.26795,0.194221,4.36159,9.73415,5.96194,1.00558,0.475747,0.30325,2.57053,5.90992,3.81284,2.10402
Esr1,23.087,18.7784,14.3655,13.639,18.6986,23.1641,21.2183,20.3089,18.5939,17.0168,21.7789,21.4108
CPSF3,11.8226,13.7885,12.6788,11.9747,11.4871,10.5754,12.0837,12.4147,13.3874,11.3843,9.53719,11.0174
id2b,202.081,120.839,26.0832,56.9229,94.0728,103.543,218.086,124.67,68.5869,54.0128,85.1517,114.2
rnf144ab,9.50013,9.04147,7.78058,6.02966,11.7087,19.1613,12.7783,13.2342,6.11195,6.77452,11.7933,17.453
si:dkey-264g21.1,10.1178,7.57917,8.31339,7.17273,9.16063,13.15,11.0912,9.80069,8.07011,6.98463,8.97197,10.0592
si:ch211-63o20.5,8.52039,17.686,34.7944,26.2376,15.5941,15.9277,18.8482,25.2935,42.3242,35.7036,28.3718,18.4446
TNFRSF21,13.2791,14.6892,6.21865,6.1962,6.54808,11.09,14.6517,18.9954,10.9484,8.5149,8.21157,9.11889
zgc:103638,24.2929,25.6264,16.747,13.1295,17.8984,18.2676,23.7387,26.8591,25.0851,17.6315,20.0709,18.7706
si:dkey-69h9.1,5.32482,2.18233,3.4599,1.94498,2.88961,6.53869,8.3245,1.94076,2.1568,3.04304,3.87308,7.24326
zgc:110003,9.86214,22.0215,30.3682,28.8039,25.1752,13.1933,21.8782,28.2685,28.6531,47.4734,30.9464,23.2827
hsf2,8.02942,5.77014,30.841,17.9422,6.16998,4.49309,7.07782,4.22934,17.6016,21.7317,11.0791,5.65916
Fkbp1b,113.922,85.1737,36.4675,36.6493,47.0495,52.1553,119.989,84.4725,82.1985,51.2628,50.0285,50.7792
GPCPD1,23.2136,33.2221,42.0135,26.8919,27.3979,24.3769,27.3876,38.5505,36.9068,36.1711,30.1101,25.2623
gsdf,85.354,76.9104,37.1507,43.733,71.5838,61.2868,85.5747,99.9049,42.2108,45.1102,64.232,96.6665
zgc:110385,6.66831,5.8881,7.28988,9.33036,11.4883,6.91469,5.14522,6.25556,5.70554,7.11444,10.4785,7.67394
NOP14,5.49224,9.6395,11.6879,11.4097,9.30821,8.81699,8.35893,7.92658,9.90811,9.37461,9.48708,8.52742
phyhd1,12.3256,23.661,38.2038,41.3827,35.1253,17.2997,14.9116,22.338,33.0558,37.8031,27.9551,20.9573
zgc:162319,9.36161,9.39311,12.6124,12.5385,10.7382,10.6886,7.92659,10.2332,11.8128,11.5205,12.8791,10.5975
prlra,1.25952,3.42557,4.42502,3.81726,1.99406,1.56009,2.26761,2.13552,3.84577,4.2805,3.5334,2.9136
Cd8a,0.0894103,0.29907,1.51053,1.22972,0.511151,0.496835,0.288651,0.429951,1.38543,0.863766,0.0,0.0
ELL2,10.8758,8.5455,6.5526,6.82725,10.6413,11.3675,13.7888,11.5162,7.16518,8.96538,11.6353,13.3584
UBAP1,8.05312,9.27618,12.5564,9.66886,7.81636,7.46865,7.28981,9.56786,11.1942,8.67867,6.99103,6.50457
zgc:154031,16.8398,16.0068,9.70518,9.06081,15.4988,27.5935,31.5775,23.433,12.5224,8.7043,15.8652,25.3623
PTPRA,30.8531,33.3497,24.7621,18.4826,21.964,22.2148,27.9091,36.9917,37.665,22.7038,24.0217,20.8394
ATP synthesis coupled proton transport ,60.2274,40.8672,21.7784,41.1673,60.8081,48.067,57.9511,46.4381,24.6266,49.8706,59.2648,70.878
LOC797311,0.078988,0.0,0.0,0.0,0.138398,0.102353,0.0,0.0,0.0,0.0588836,0.0586314,0.0991112
neu3.2,3.50844,1.84505,4.2688,4.58275,5.97707,3.0838,0.50554,2.08286,4.21764,5.27376,4.74435,2.33004
CHEK1,0.549677,0.401,0.450783,1.65448,1.36883,0.814539,1.10814,0.776187,0.579488,1.12859,1.53108,1.05229
esrra,16.092,12.9116,7.3389,11.0602,16.9937,17.536,16.6382,17.2904,10.5554,12.7014,18.107,19.7848
arl3l1,26.6587,51.2916,53.6018,75.4998,63.4008,34.54,59.6642,54.7698,64.4392,93.3848,74.4216,51.0462
rars,7.86155,8.9472,9.95491,10.367,8.18999,5.50283,5.53598,5.73828,8.33358,9.25276,7.32616,6.52038
PGK1,62.958,77.619,90.2722,97.2714,96.9123,74.9117,66.0481,54.0368,92.548,93.3978,90.7297,67.5064
mntB,6.9233,6.48765,5.67896,4.3108,3.85168,4.52107,5.27011,6.56448,6.33529,4.89115,5.34201,5.2689
DKC1,3.43596,5.19886,5.31709,6.5849,5.57887,4.08552,3.73987,3.70837,4.62312,4.82895,5.65836,3.32068
zgc:77551,69.0883,64.1406,23.2905,29.115,44.749,43.8786,82.3538,66.9625,36.5135,32.3307,45.1753,65.2784
zgc:77214,26.9779,27.0644,23.6662,18.1281,23.0901,27.0038,25.4387,26.4734,24.621,22.1609,23.7357,27.2049
CCNG2,28.2335,16.4715,15.5065,17.3872,17.6723,23.8845,21.099,19.7397,15.1963,13.6884,19.6879,22.9869
mobkl1ab,7.20323,10.5598,21.467,17.5596,12.6886,10.5751,11.9138,11.7902,15.5199,17.8793,12.974,9.80365
CRB2,13.8822,10.0747,9.20912,7.55808,12.4885,12.9102,12.0212,11.9467,10.093,7.78878,10.434,11.9782
zgc:101635,2.50128,2.61846,13.3058,7.09018,5.17331,2.68057,2.62808,4.15608,9.72277,8.83464,6.43257,3.86476
Nop56,23.5106,23.3938,30.0194,30.0062,26.4406,24.5804,24.681,22.9852,28.5791,27.8744,28.4598,22.426
zgc:158748,7.58547,6.64783,6.40388,6.1138,6.44387,7.28274,6.64906,6.73514,6.38825,5.72358,7.00978,7.04539
zgc:194693,146.587,118.544,97.7541,65.0342,68.9004,67.8303,117.006,128.056,101.514,87.427,66.9803,77.2409
Phpt1,18.4971,17.1654,15.7686,15.3235,15.2957,14.6047,16.63,18.268,14.4163,12.3602,13.5917,13.594
zgc:171765,63.5402,92.83,76.7665,26.1296,31.2929,31.1541,50.211,85.9553,112.347,50.2362,39.3954,31.4039
zgc:153208,14.7362,18.655,12.6641,5.66767,7.23377,12.7965,14.5418,9.95843,10.3022,6.86744,8.97093,7.82946
zgc:110782,0.955497,0.575944,0.829583,1.83576,1.25625,1.12852,0.748038,0.57459,0.864332,1.28996,1.17141,0.703617
zgc:153096,2.13925,1.32777,1.3869,1.50935,2.11677,2.51901,1.96204,1.51057,1.18711,1.39398,1.74555,2.50394
CRCP,6.04292,7.27128,8.11675,7.39901,6.5464,5.15891,5.5426,4.15899,10.799,10.0902,6.0178,4.96783
zgc:123105,25.5371,46.3097,57.9789,46.668,40.9369,38.2126,44.6347,44.635,71.6851,63.0722,52.1015,36.2177
RNF145,21.6012,26.6897,30.5249,25.8843,24.3419,21.5307,24.144,26.0703,27.7573,27.1865,25.8841,23.5709
MT,0.976291,1.65981,1.17896,1.04079,0.601869,0.874824,1.4361,1.48798,0.750559,0.351671,0.598634,0.546824
NOP16,7.54281,11.676,11.3911,13.2091,11.3678,6.94305,8.47933,12.5874,11.2657,12.1488,11.1226,6.63105
RIPPLY1,3.76874,1.93526,1.32226,0.732312,1.49023,0.782447,2.84346,3.79925,1.5299,1.08277,1.30687,2.66746
UNC119B,17.2442,34.1685,47.3613,36.5918,30.7025,21.0795,26.9313,30.7429,44.3002,52.0334,39.0451,27.179
sept4a,56.1078,38.5648,31.6662,10.9043,20.8788,23.6224,52.4608,47.291,41.9795,22.8831,15.3191,31.4908
zgc:73143,27.5129,21.905,22.5954,17.6132,18.9177,16.775,26.5806,25.1525,19.3734,15.7692,15.0921,17.7463
usp49,5.00528,5.42643,5.82531,3.67989,4.1544,4.62651,5.1078,5.36914,4.18181,4.22294,4.06879,4.43076
cry2b,109.685,24.7417,8.95456,5.49881,19.8972,40.8527,51.2813,29.4513,10.1367,8.34269,19.0092,41.0738
zgc:173486,1.25005,1.46122,0.812079,0.891347,0.797486,1.2826,1.34711,0.826046,0.706435,0.750231,0.811649,1.13211
fbn2b,4.88946,3.0957,1.37477,1.55407,2.06525,2.8315,2.88083,2.45927,1.06727,1.54475,2.20921,2.80872
FAM40A,0.252577,0.556437,0.50192,0.389148,0.514711,0.273976,0.27194,0.622334,0.762176,0.865077,0.390323,0.29482
RASSF1,31.1473,20.766,16.0745,18.2206,25.7113,25.1298,29.9133,26.2686,15.1604,22.8285,28.9526,31.6448
zgc:122977,37.1781,26.7204,20.8579,31.0756,38.5949,33.3487,31.1881,33.5681,15.7563,27.3065,40.5392,41.1167
Crb1,39.3246,54.1488,54.1872,54.7028,57.1785,35.2148,44.8269,59.9395,59.6736,69.2772,57.5299,47.5319
add3a,56.0198,34.1638,29.6471,28.3162,35.9546,37.7696,45.9094,45.6043,30.8827,26.6233,39.4025,35.1852
LOC563601,6.09376,11.0729,56.3153,30.7581,10.9463,5.20297,7.80904,13.9763,52.3796,40.0798,19.7821,5.0534
zgc:110314,42.4835,41.6947,22.4216,20.0626,34.1823,48.4257,71.4468,52.2428,32.3217,34.6284,39.1412,39.8097
kal1b,2.40902,4.8411,6.1372,2.96672,2.77985,2.42704,3.39774,7.00443,5.86817,4.01021,3.79882,1.91987
bysl,6.96323,8.68446,9.46546,10.0698,7.74332,8.17531,6.42496,9.68386,10.0416,11.6327,10.161,7.72631
cry4,7.73631,7.03945,1.20699,2.81851,9.14146,12.1698,11.7128,9.56486,3.77897,2.08225,8.12359,12.2618
si:ch211-103f16.2,1.36132,2.29393,2.50143,2.6225,2.32523,1.76585,2.02483,1.37924,2.6202,3.03935,2.42228,2.25097
zgc:103434,33.4507,37.1685,42.8003,45.6748,48.567,42.6601,40.6324,33.7416,40.3796,68.9168,52.6497,41.8641
si:dkeyp-84a8.8,4.42942,5.45895,6.49481,9.05504,7.09981,5.60216,4.47745,4.31083,8.46005,9.16443,7.49575,5.30925
RQCD1,6.05341,7.86799,6.96885,5.89631,5.21244,4.67253,4.92412,6.29929,6.84923,3.85459,4.87625,3.41345
cdc14ab,9.62677,16.1943,51.2333,40.0718,32.2102,13.3386,11.3247,18.1609,29.4322,59.7929,40.7004,24.7995
TTC39C,6.17213,11.1042,17.8883,17.4674,12.5228,11.857,7.72403,9.16434,12.5919,21.3056,14.6779,10.0801
STX6,21.0981,21.0161,14.5003,9.10828,15.5647,21.2094,22.2934,18.6554,14.0968,12.8738,15.0602,15.8942
NFIA,18.9318,9.03391,6.69222,8.60481,14.597,21.9058,14.3451,15.7164,12.4467,8.76131,10.9544,15.875
,24.3402,24.2452,21.5332,19.4126,24.1343,29.3415,26.6938,24.8518,23.6724,21.0585,27.7459,28.3064
UCHL5,5.49564,7.0984,9.81916,8.24965,9.22707,8.52854,5.99103,6.58349,6.20435,9.64152,11.0592,9.46116
GLRX2,28.6137,18.567,15.1776,13.7932,20.865,22.6942,30.4508,19.8156,14.364,15.1601,18.2276,20.8962
pdcd4b,13.3364,17.2662,25.7956,20.5973,18.2152,16.6869,15.9127,17.6649,25.0805,20.1502,21.1375,18.1997
,87.0228,84.5572,36.8196,37.2112,54.9733,76.4498,95.2952,76.0488,66.3595,48.4362,65.5895,78.2742
zgc:110314,43.8079,38.4474,15.0237,16.8323,26.0812,31.0892,41.1217,35.7999,28.3613,18.708,26.9821,24.769
zgc:110314,29.2374,23.8205,12.7787,9.36367,19.4329,27.2058,40.8463,29.868,24.1359,21.0145,23.5684,24.5472
ppp4r2a,12.04,12.102,10.2198,7.03689,9.14603,9.90868,12.3595,10.3975,10.8134,8.10925,9.5932,9.92322
zgc:55695,5.7274,7.40054,8.01666,7.75163,6.10094,5.94033,5.59894,6.38209,7.14943,8.00967,6.70898,5.94126
igsf21b,23.1997,16.678,4.57811,13.1663,25.5533,21.1812,27.5683,24.4452,10.5647,12.4151,25.3298,32.8657
slc2a1a,0.947423,3.21892,33.923,14.1753,4.23235,3.95729,2.54988,2.24375,14.7218,27.6917,9.78054,4.37682
zgc:175180,13.9137,19.9121,9.54699,6.66573,7.81009,12.8549,13.6189,20.7084,14.6496,8.3269,12.1677,11.6468
eno1,154.092,157.543,183.709,192.25,225.242,173.482,188.628,161.69,153.637,217.61,219.494,205.416
zgc:63553,10.6419,15.0588,23.0658,16.8651,18.1101,16.6195,12.7431,12.7566,18.1249,22.362,22.6351,15.4817
pa2g4b,23.6767,25.799,32.0736,27.8355,26.635,22.3176,25.228,25.7751,27.3041,28.5416,24.5616,21.8353
zgc:63600,11.8079,9.65419,9.27899,7.17077,6.98804,9.4044,8.81657,9.66214,8.00642,7.51826,8.16426,8.60117
zgc:136557,7.97889,2.64177,2.9525,3.6066,5.17501,8.08628,4.49222,4.44703,3.29131,2.70148,4.1438,9.06509
zgc:112296,1.53479,2.76316,0.910029,1.24038,0.741424,1.16235,1.59719,1.39935,1.91084,0.809735,0.40681,0.629172
zgc:103688,37.2407,37.0099,17.4386,18.7671,14.4911,17.3232,31.2055,19.1876,22.1629,16.9116,8.77642,15.2305
PROSC,16.5312,18.4339,29.9061,23.5598,18.8378,23.746,17.1643,18.3943,25.1548,28.1042,21.9094,16.6716
zgc:91802,12.7553,12.9266,18.1126,14.5077,11.9992,13.0069,11.2753,14.884,17.1189,16.1217,13.7111,12.8591
acp1,12.7735,16.635,12.3926,9.69406,10.5293,8.72634,13.6177,11.8716,13.1423,9.56344,9.60923,7.83383
LIMA1,14.9753,12.4992,14.4507,13.0426,9.74193,11.8614,13.2255,16.0843,14.9727,9.95917,9.29381,8.68252
GPR182,2.54862,2.92652,3.11067,3.64907,3.3638,2.19991,1.3091,3.10914,3.72606,3.78031,3.71972,1.80537
zgc:73155,15.6924,12.1971,54.3742,108.166,120.017,79.4629,34.436,26.0746,27.0167,116.312,160.951,121.97
zgc:171771,17.4075,12.0825,7.71778,11.9122,21.2252,17.087,18.227,15.5079,8.23135,14.8748,20.3977,26.5764
rtk8,3.49803,5.11374,4.25681,3.68353,3.39507,2.76355,3.65579,5.00037,4.64224,3.51461,3.83338,3.47936
zgc:63466,2.42717,2.1576,2.09692,1.6404,2.4136,2.37851,3.19411,2.11271,1.32654,1.5313,1.69181,2.21497
zgc:109968,30.6401,52.3268,75.5712,76.4136,79.5412,79.8557,61.2613,54.4932,77.2187,108.015,103.144,92.4268
tnnc1,2.82227,4.43061,1.89512,1.76972,1.89708,1.43582,2.77054,4.20157,2.80382,1.62227,1.74774,1.32924
Mapre1,50.4795,48.7176,37.1286,27.5281,35.6842,39.7424,43.8003,40.9794,34.3881,31.6944,33.7494,31.8166
eif4e3,24.5461,22.4227,20.7227,17.1146,20.7154,21.7405,29.7659,24.555,23.1565,18.3079,21.4017,22.4755
sdcbp,48.5396,55.3073,56.407,46.681,45.8065,45.458,45.1184,53.439,56.6784,42.0779,47.5063,38.5572
zgc:110684,3.65015,4.00248,5.50237,3.88578,4.13585,3.30001,2.74275,4.1615,4.78862,3.45267,3.09131,2.57214
tkt,58.8539,72.72,79.845,80.5866,77.6839,65.5808,66.5945,65.7155,71.2217,80.2521,74.2559,66.6157
noc2l,3.13396,3.63393,5.50695,4.90077,4.186,3.7255,2.64113,3.28117,4.73089,3.77945,3.36591,2.8702
her9,40.6603,42.9335,38.9199,38.8534,31.5777,38.2196,40.0393,45.2751,35.9755,21.3309,27.8037,37.2642
DIP2B,9.33289,8.96141,6.8119,8.73285,8.9683,11.9774,10.9137,10.3257,8.01232,9.03949,10.5805,11.7354
ACVR1B,31.8859,28.9323,23.3188,20.5883,20.5737,25.0849,28.2604,31.1629,24.2169,23.1325,28.0761,23.2494
NEUROD4,5.73949,5.21727,1.05309,2.56731,5.6927,6.81953,7.58438,6.2517,3.7971,3.2828,6.85299,8.83526
Ube4b,28.4486,22.034,20.7392,20.5935,24.4183,22.3887,24.6061,23.3252,19.1702,20.1661,23.0884,24.9291
SLC25A33,19.6116,22.2481,44.3538,30.0526,23.1793,12.1445,8.64323,14.392,30.5236,35.3494,25.3356,16.571
SLC2A12,3.43192,4.52246,6.40769,4.3204,4.39739,3.53536,3.85074,4.66527,4.91777,4.46199,3.30005,3.09368
zgc:153910,0.287129,1.29961,1.15628,1.43501,0.691171,0.537479,0.826912,0.873507,1.60766,1.78057,0.337538,0.516437
,3.05711,5.78201,1.50913,0.762055,0.748474,1.12414,2.93485,4.18294,5.89884,0.106407,0.972237,1.45596
POU6F1,3.23331,4.07761,4.97964,4.42801,3.98973,4.23585,3.33771,3.57641,5.02141,5.46339,5.1826,2.78766
fbxo25,23.8187,33.649,20.5217,14.2373,8.29649,8.84884,16.5992,31.1447,40.3268,17.9664,12.4361,7.91337
si:ch211-231h20.3,14.0921,13.0684,13.2644,12.4175,9.40719,13.3907,12.599,14.5008,14.2177,10.7533,11.3992,11.5969
zgc:73155,1.32412,5.23696,6.64555,45.6879,44.2768,26.0206,13.2751,0.725472,2.8108,21.3322,17.633,34.9614
zgc:153597,1.77876,1.91477,0.106926,0.162255,0.0963009,0.935776,4.26912,2.9298,0.996833,0.0,0.258096,0.0727901
zgc:152808,32.0837,28.0426,33.2781,28.9281,24.7306,20.6687,27.6349,33.1797,30.3078,24.9494,22.4463,18.6779
,4.216,9.42215,12.5702,10.7429,10.9575,10.6432,7.64296,8.24591,10.9804,15.9551,12.7546,10.0513
Dok6,12.3658,9.47787,9.2291,6.29655,9.5937,12.7579,14.09,10.9071,6.25944,8.65911,11.4249,12.3877
cdk8,19.859,17.5525,12.008,10.1211,12.6457,12.4562,17.884,13.8579,13.3831,11.7802,11.0876,12.4666
CHRND,0.313983,0.267154,0.360987,0.0,0.0362805,0.0,0.266927,0.670846,0.196685,0.0,0.0,0.0
cnn3a,26.0912,30.6126,38.9735,33.4496,33.1421,23.6431,25.161,23.9242,40.3991,34.7853,28.8908,23.1922
HCCS,9.76558,11.5964,10.8167,8.86234,7.79564,8.18122,8.83006,9.57133,9.86693,10.5566,8.74927,7.08954
zgc:113143,0.495023,0.722667,0.719744,1.27959,0.903465,0.982324,0.835147,0.548222,0.901622,1.12995,1.00305,0.921531
si:ch211-234p6.8,0.179228,0.658441,0.987,1.5907,0.743974,0.575861,0.735294,0.489398,1.37768,1.28786,1.4272,0.719478
cebp1,6.99185,11.3402,10.5109,11.2317,8.93783,8.31637,4.22858,7.04417,10.2393,13.0249,8.18208,7.35636
twsg1b,6.27217,1.65714,0.0,0.129412,0.822274,2.16155,3.84807,2.4153,2.19891,0.0,0.98468,1.38831
itgb1a,35.1315,31.3257,23.7166,19.5296,26.1001,23.7363,30.5096,34.2317,28.0988,25.3867,23.4011,27.7916
c3orf58b,10.3782,8.11054,5.40843,5.50791,8.9809,12.6205,14.611,10.7835,7.12036,5.90159,10.6894,12.156
acbd5a,19.6786,15.4645,7.75702,9.12059,16.0461,23.6854,26.6745,20.3925,9.21025,9.53725,18.222,25.3968
zgc:113385,4.24793,5.59255,6.23397,4.97341,5.5127,4.43521,2.06815,5.66847,9.09607,5.68347,3.38385,3.24806
Tgif1,17.0169,14.1638,7.58448,9.91784,12.9277,16.9109,20.0217,13.3188,12.7086,9.29912,13.7332,14.0778
ankha,2.7243,1.41652,15.6999,9.56648,4.03028,2.52154,1.58075,2.81359,7.02889,18.0559,5.77344,3.56903
pdcd6,4.3485,8.57516,15.9946,12.061,8.83664,6.61663,7.52355,10.1415,18.9006,7.93443,8.82398,4.86012
cul1b,24.9792,14.6109,9.76581,11.7701,13.718,18.3841,18.8236,16.3475,9.86023,10.3079,15.765,18.2488
cry-dash,0.737834,2.35415,9.30842,6.13805,3.43352,1.90648,1.13286,2.84638,9.88812,6.95355,2.84542,2.39636
BOC,9.80846,9.71058,10.2627,8.28954,8.80848,8.71006,8.96592,10.07,10.5734,8.66591,8.72,8.77446
lnx2a,12.605,15.565,14.8875,8.76731,10.7061,9.76457,16.7964,20.8282,16.8037,13.9556,11.3403,14.1211
acot9,7.64653,8.59739,8.16927,11.1099,9.60965,8.77053,7.25669,7.54212,10.0298,10.2623,9.48287,7.51289
FAM164A,19.4506,18.3968,8.26657,7.77027,12.6238,16.8621,19.1145,12.6262,8.60664,7.49537,14.7624,12.5822
zgc:92198,52.9797,41.277,11.6197,4.84184,5.73145,25.1232,35.7347,37.7196,24.4205,4.33041,8.67545,12.0057
zgc:193698,10.1721,9.54039,5.41771,4.71999,4.24267,8.68549,8.96158,8.96487,9.36614,4.56776,5.73865,4.8853
MCM4,0.509419,2.6811,4.46422,7.54963,2.36151,1.25484,1.10551,2.01224,2.59683,2.96729,1.71323,0.658367
Dcakd,7.64608,5.23168,3.83676,3.83517,5.93417,7.11049,10.2105,7.44955,4.93364,5.2644,7.12325,6.57867
cebp1,6.5858,11.777,16.754,15.6706,14.597,11.2421,9.6113,10.2907,15.5182,20.0529,13.8491,13.3574
vapa,30.044,36.0001,16.4173,20.0771,13.9941,18.3277,20.2899,23.3863,28.5757,14.3647,9.46409,17.9887
adam10b,15.1347,12.5912,13.7908,7.91837,9.32497,12.9127,17.1837,15.9349,13.7717,12.1411,12.4683,12.6539
zgc:109782,232.003,206.614,117.805,92.2207,137.272,136.477,266.843,251.261,147.531,127.011,127.029,180.924
zgc:153678,6.92512,5.6829,5.2684,4.63253,5.74258,5.48597,6.85293,6.31579,4.75772,5.13967,6.44578,7.1185
zgc:92245,21.3897,14.0842,13.0423,12.2857,19.8376,20.5799,19.8549,16.6019,16.2726,15.457,14.4965,20.6043
metap2,2.50205,2.67731,3.88177,4.88968,2.6836,2.69191,2.64321,3.17829,4.23928,3.53765,2.53174,2.76455
znrf1,9.94491,8.59914,6.95644,3.58794,5.56369,12.0013,14.9069,12.6103,7.63859,4.84285,7.55087,7.07851
snRK1,31.5023,23.444,29.7706,18.0639,22.8966,29.0393,32.1074,29.1966,20.5147,22.5814,20.6455,26.139
Tsga14,5.42046,3.81314,3.22538,2.429,3.31282,4.09706,5.83633,4.79637,2.30372,2.13741,2.82547,2.88598
TDG,6.40133,5.84009,6.57678,3.99043,4.983,6.19279,5.77565,7.06936,6.39545,5.27112,3.67029,5.11198
STRA6,206.666,210.876,307.658,340.741,367.359,195.665,211.411,269.08,298.214,411.897,365.093,326.694
Tsg101,25.7468,23.0418,34.7256,29.7301,35.4998,34.1647,28.6841,27.2127,32.6979,35.8457,36.3668,29.4216
zgc:174881,13.5686,19.4017,28.2678,26.5268,21.4362,13.4961,14.6762,15.4096,24.1428,42.5136,31.0056,21.7678
zgc:113028,12.9557,11.3312,12.6179,9.58231,17.7517,21.5555,16.4357,14.5921,13.2447,10.7961,19.1155,22.7851
LAMB1,8.11911,8.93944,8.04539,11.0103,9.73709,6.90413,6.32773,9.52317,10.6965,11.4501,7.26873,6.82389
ADAT1,1.3798,2.35146,2.45265,1.50758,2.18724,1.39936,0.957576,2.4369,2.30191,2.57729,1.62616,1.1487
gpia,90.0748,98.95,108.093,113.33,144.84,106.135,123.127,87.7952,104.986,126.488,144.647,126.556
,3.02173,2.61779,2.7165,2.12511,3.01992,2.66576,3.58535,2.40728,1.90725,2.06768,2.48075,3.35706
FANCA,1.40546,1.25339,2.64634,3.58543,1.88743,1.92071,1.8102,1.48394,2.42338,4.19383,2.63972,2.57434
adam10b,0.188251,0.257438,1.20245,1.07376,0.632741,0.409364,0.427547,0.394556,0.731969,1.0459,0.502397,0.386999
zgc:109782,7.06547,4.59211,4.85585,3.47959,4.45409,8.61518,6.02381,4.97805,4.82045,3.31578,5.368,6.4536
zgc:73185,8.81323,9.43219,29.936,26.133,28.7027,15.1247,5.35677,6.6303,13.93,28.0556,20.8746,23.7249
EFCAB4A,3.58044,5.34468,6.61388,5.06076,4.97945,3.69581,4.54998,6.44538,7.95733,6.89978,5.31049,5.0177
Cry3,4.69734,12.8082,61.1644,21.6351,11.0452,8.92724,6.23902,16.0663,56.2852,36.9613,18.495,10.3814
cat,54.9704,35.572,27.4737,23.2814,43.7703,45.7311,56.3626,48.7612,35.6386,35.3487,44.6225,60.0131
tph1a,1816.15,1678.83,853.791,695.303,922.834,737.446,1540.76,1563.21,1360.44,746.603,862.504,1019.17
Ldhd,3.6325,4.6767,6.49673,8.06693,7.72658,5.00986,3.47515,3.12339,6.32378,9.49334,9.18254,5.25711
arntl1a,9.87661,5.23832,1.34317,4.49494,12.6381,16.7951,16.1295,8.63394,1.50193,4.85113,11.3774,16.6654
dusp6,86.7043,66.9053,46.1386,36.987,35.4293,54.1633,63.1905,83.6275,42.6155,36.39,43.802,42.7304
zgc:158222,0.0,0.151136,0.343829,0.326174,0.0207255,0.0,0.0397975,0.0970443,0.302586,0.108261,0.0,0.0451576
zgc:162565,71.3835,101.145,83.1554,35.2364,27.627,72.0049,70.7732,70.7269,131.392,63.0318,39.6731,34.2902
SLC5A12,18.9047,29.5204,18.2677,13.9302,12.5577,10.6399,26.786,17.881,19.5527,10.987,11.3323,12.0021
irx5b,3.5841,5.80888,2.5856,2.2638,2.22124,2.18157,4.95209,3.53789,3.6659,2.47907,1.67013,2.14282
zgc:73359,54.9463,83.8637,395.377,541.645,566.5,217.592,147.725,130.426,301.413,496.391,778.884,522.933
zgc:66419,3.1707,6.12901,9.58416,7.09273,5.71513,4.07959,4.66156,5.09638,6.1972,9.1307,6.6431,6.26644
zgc:109949,175.482,150.706,80.7613,68.6738,109.437,112.758,176.188,148.987,101.457,92.1322,105.699,136.724
slc17a7,8.74305,17.3337,28.9958,26.7163,19.4655,28.4717,8.18727,14.4954,38.2093,39.1585,29.2043,17.8169
aclya,27.4628,29.3467,35.7926,45.2031,45.876,33.0146,26.5599,28.7406,30.5439,45.443,45.7865,36.8128
tmub2,8.43381,8.26368,15.5888,14.6667,14.8968,12.3625,9.66042,10.836,11.039,15.3811,14.8828,13.8509
nr1d2b,7.24577,79.2441,79.7269,23.5126,1.33658,2.79849,6.00234,53.1393,113.11,37.4781,4.81426,3.32169
ypel3,23.2368,21.0567,11.9724,16.4354,24.8757,34.3404,38.3803,25.534,23.2483,15.6322,35.7655,33.663
ALG1,6.73555,4.9444,2.97836,5.18361,6.0339,6.90301,5.53905,6.30621,1.4363,3.09631,5.82033,8.5403
zgc:173594,40.8137,87.7742,118.735,104.338,109.394,50.5766,72.0896,98.9084,105.697,116.089,108.305,98.998
zgc:173594,47.4637,64.2843,131.319,87.0,81.0991,35.1099,51.8765,100.173,89.8327,142.131,103.5,70.9559
syt5a,367.832,470.63,437.793,264.098,287.533,192.102,367.299,469.944,612.454,442.954,314.154,296.448
fus,106.63,60.378,22.0285,25.0538,54.4219,98.6733,105.183,66.0133,38.4153,25.3721,60.7312,84.7734
aldoaa,108.966,120.524,144.634,150.7,142.579,106.748,122.276,107.198,143.244,149.594,141.076,104.134
Gfer,4.04174,6.03861,7.28478,5.13837,5.82764,3.6004,4.4559,4.37478,9.48032,8.48546,4.82843,4.96372
GPR146,104.899,47.9333,44.839,46.6319,87.2719,79.3217,80.5189,77.4664,37.3894,55.4076,77.2544,111.753
pbx1a,21.8799,18.486,15.1703,12.9144,15.7139,21.9826,20.8996,19.036,17.3409,15.5605,17.2951,16.298
LOC553327,3073.06,3543.22,2715.3,849.109,880.024,609.842,2604.96,3793.36,3096.97,1550.33,1071.04,821.714
ldlrap1b,4.57069,4.44292,0.555235,0.471278,0.27478,0.299329,5.05281,1.16753,0.205244,0.0,0.391885,0.822448
zgc:171753,35.7096,42.4698,55.3856,42.2342,39.2824,35.2405,37.3684,36.429,45.8069,41.4067,39.2623,32.4324
zgc:77127,12.3505,15.1316,17.1771,17.1975,14.9303,11.5498,13.0146,14.4415,16.8602,12.2349,11.1842,10.903
si:ch211-106h11.4,0.261025,0.0,0.207393,0.68355,0.325116,0.0460901,0.0,0.149263,0.183359,0.494674,0.49929,0.270138
ddx39b,17.8198,19.9619,21.1303,22.1014,21.0438,18.8139,16.1969,19.1188,19.4677,21.6917,17.9328,16.0095
zgc:109949,164.514,130.85,87.1292,70.2031,111.097,119.404,166.9,174.772,90.2105,99.3689,134.003,142.964
zgc:153035,89.1609,45.5861,107.514,93.723,105.298,113.217,63.1185,70.6941,52.8438,116.575,147.573,133.666
,18.8294,5.24345,1.42653,1.59543,11.4242,34.6494,31.2495,14.6021,0.819839,1.67465,14.7817,30.9882
zgc:77060,12.4226,14.5501,56.7534,57.1466,72.4078,44.1847,29.2658,25.6046,42.8681,75.4129,80.8377,68.7883
MRPS34,10.7795,11.3311,15.5379,11.4982,10.8186,8.87286,9.75256,11.5584,14.8634,15.4144,11.5199,9.09023
zgc:158220,16.4489,12.218,7.10705,9.90699,13.3933,17.3302,18.9405,16.1222,9.76146,10.7093,17.37,18.4816
tob1a,30.2327,35.0687,60.1964,43.8199,37.321,32.3532,28.1182,33.211,50.2052,56.3274,51.7945,35.1345
nlk1,15.4168,13.2161,9.29936,9.31612,14.8416,16.577,15.0967,17.706,12.0099,10.7527,14.8081,16.5492
SMURF2,7.79052,6.50581,6.99577,5.40758,5.8982,8.71442,7.36771,7.29675,5.95147,5.63132,6.39381,7.54352
FOXRED2,14.2597,12.53,11.5022,8.50091,9.98356,9.62076,10.0395,13.1032,11.4571,9.05558,10.0268,10.6402
Mcm5,0.563767,2.67319,4.49776,8.64662,2.1914,1.23865,0.63997,2.67998,2.96768,3.16948,2.05011,0.258875
Tbc1d17,11.2905,11.7352,10.9711,9.06291,9.14946,11.3048,13.9413,12.6526,12.2842,8.3195,10.9004,10.2028
GFAP,9.67842,16.3381,32.0648,22.8681,18.6857,11.2117,14.4757,15.2298,25.5756,23.07,14.3686,11.7838
zgc:113006,17.4002,16.1414,24.4092,37.0505,29.3295,19.3423,19.4206,14.6346,18.8984,31.8954,26.255,22.0986
SGSM3,18.9109,18.1851,16.8177,10.3484,12.7032,14.7039,16.3853,15.5931,15.4586,12.6189,14.5672,13.2883
,20.7977,22.4799,23.6489,12.6893,14.627,20.9964,20.5299,25.5279,19.9642,14.5424,16.9963,16.2623
csnk1da,21.7368,35.9112,64.2621,56.9256,42.7736,34.7705,26.2508,33.6201,50.8759,55.1085,51.231,37.2557
gna13b,8.11033,10.4158,13.1548,12.1644,10.8363,8.57412,7.47174,12.0648,15.3889,10.6556,11.699,8.38729
WWP1,14.7938,13.8572,11.5948,8.13257,10.8907,11.9588,15.1425,15.5765,14.9701,9.73606,10.9936,10.9093
ndel1b,11.9052,11.775,7.92601,7.07012,7.53909,8.19179,10.0248,8.50676,10.1248,6.7791,7.30924,7.03439
zgc:91984,145.578,206.13,133.111,73.2218,52.4426,29.7202,92.2789,199.0,193.045,138.209,82.9722,64.2864
zgc:171489,65.7463,50.1303,26.688,24.324,40.1716,41.5451,68.1929,67.6765,27.2788,39.963,48.6944,45.6524
sec14l1,7.52285,8.42106,16.9733,16.4727,10.9053,8.2375,7.35959,11.8992,14.9972,11.2258,8.95565,8.71291
zgc:112372,0.263292,1.55475,3.05547,4.14377,4.34503,2.29622,3.28212,1.8287,3.26805,5.56807,2.85656,3.61446
MED21,4.98142,6.27363,5.6359,4.97478,4.86695,4.7048,5.4429,6.79906,6.93856,5.63961,3.44638,4.6313
PMPCB,10.1325,8.88763,10.7332,11.4403,9.45628,7.60399,7.35828,6.88402,10.8878,12.7478,10.7785,7.78733
,7.1759,7.27899,6.8207,4.81282,5.34501,7.62154,8.30908,6.10293,5.90687,3.09876,5.41848,6.16141
waslb,12.2805,14.4855,31.907,25.8158,19.257,14.389,18.8742,16.6972,28.9906,42.1199,23.9387,17.5843
ano2,28.8511,19.0259,10.0969,13.7458,22.7558,24.5326,28.644,24.1369,18.7879,20.3519,27.661,29.5884
Apex1,9.78631,14.8675,13.3829,15.8765,13.8913,12.2237,11.4803,10.7283,12.8706,15.1561,14.0196,9.3745
dock4b,11.4789,12.0136,8.52607,7.82061,12.1257,12.1823,12.7756,11.8079,9.54327,11.0233,13.3443,15.9567
LOC798210,10.1022,9.45006,16.4864,14.1979,15.0875,15.5941,6.9143,11.595,19.5051,19.9781,17.6903,13.9433
GDI2,161.615,207.956,186.991,173.446,177.823,143.428,155.62,170.49,186.223,199.519,175.808,157.278
cry1a,4.73526,7.95056,41.3148,32.6435,27.2576,19.9316,11.5162,8.657,33.774,44.0525,30.9723,29.3898
AKR1B1,3.59365,4.0359,6.24479,5.46054,5.92389,4.25089,4.01321,4.57576,7.0677,6.70672,6.84504,4.42955
Ube2h,68.9262,57.0333,43.9063,35.0744,41.8043,51.9618,58.9195,63.538,64.3292,44.6284,49.5953,45.1847
zgc:73347,21.54,24.3817,34.3307,16.1577,12.7676,13.7295,17.7843,27.7092,34.5193,21.7232,15.4162,16.5026
si:dkey-31f5.7,20.8506,16.4451,13.5646,17.3482,20.6033,20.8475,23.6334,20.0196,15.2633,18.5064,27.4865,24.5189
zgc:123180,8.48033,10.8436,13.9438,13.0503,10.1543,8.97524,10.1857,10.1661,14.7572,10.2151,12.1894,7.15642
GUCA1A,1537.42,1041.66,575.889,355.657,334.054,424.548,927.774,961.417,797.679,547.064,369.384,373.017
zgc:85944,7.26648,8.25545,10.3709,9.71911,7.68747,6.39838,6.01389,9.48501,7.87681,8.36746,6.30687,5.64484
dpysl5b,102.046,103.876,100.853,54.2393,46.5854,28.9128,67.747,94.5574,130.789,103.239,54.4125,50.6564
zgc:162885,5.12395,6.1654,2.97283,3.51329,5.30591,5.21974,6.3635,6.97012,4.25592,3.38126,4.06517,4.74179
zgc:162331,0.0,0.164044,3.10218,1.80888,1.15682,0.462514,0.354865,0.225213,2.94898,3.62338,0.679756,0.635133
si:dkey-21h14.1,2.75289,2.46445,1.24458,2.17868,2.51361,3.0105,2.96232,2.29179,1.64511,1.56963,2.27615,1.94776
GXYLT1,2.85252,2.13415,1.58215,1.00657,1.39469,2.05898,3.03296,3.18543,1.82093,0.96462,1.78643,2.87589
mest,23.4509,14.0245,9.98925,14.2464,16.9267,20.1767,27.6245,20.0688,14.933,14.8195,18.8354,23.0643
Kera,63.0225,18.7234,58.6865,42.9035,71.1736,116.423,72.3322,27.8133,27.497,62.2041,74.101,136.189
btg1,231.353,181.303,180.938,220.034,224.106,221.862,220.785,230.363,173.475,213.075,250.92,257.631
DENND5B,22.3458,23.9763,26.6134,15.6867,18.4468,16.934,23.3211,30.0994,25.4007,24.3431,17.6483,19.3404
BCAT1,44.7113,43.5932,37.165,21.2774,33.8494,33.0574,50.2223,55.2734,40.2773,30.1464,40.3925,38.6182
si:ch211-234f20.7,1.1792,1.20895,1.6469,1.57981,1.13409,1.18624,1.34987,1.26418,1.7007,1.54219,1.0141,1.18845
pfkfb3,19.8085,38.7645,51.702,32.0125,33.4436,24.216,29.0998,40.224,50.103,50.7685,36.409,30.893
LOC100001080,0.0,0.0,0.0,0.143872,0.0546427,0.0,0.0,0.0,0.0,0.141858,0.141986,0.0
,4.43762,5.00598,6.76757,10.0271,10.0862,6.54081,6.83791,4.51817,6.25178,11.9582,8.39128,7.08579
PDLIM5,0.238961,0.402054,0.696172,1.28446,1.70042,0.580719,0.719649,0.799691,1.11201,1.15504,1.00654,0.570122
mybbp1a,3.89407,6.15135,8.99813,10.9867,7.8914,6.83297,5.97484,6.66965,5.68109,8.93844,8.30256,7.0631
NPAS2,6.08644,5.99461,0.679662,3.78985,10.5855,16.1579,12.2116,9.68759,1.04826,2.3016,12.1463,16.6542
si:ch211-106a19.2,5.96908,5.51445,4.88975,4.50089,5.31701,4.59743,6.07933,5.96771,5.49051,4.35197,4.69821,5.80448
zfand5a,40.7104,50.5416,66.4195,35.6121,32.7043,26.7809,36.7135,58.0679,73.5322,48.2054,40.9023,35.4049
Tmem2,3.08726,4.31496,5.31333,5.10339,5.29425,4.69637,4.50751,4.02116,5.30736,5.25946,5.64473,4.28699
bcdo2l,3.2813,1.41485,6.72689,8.31814,4.48246,2.28994,2.20136,2.98292,8.98438,7.20158,5.22879,2.71434
zgc:100952,18.0274,18.9764,19.5383,18.9383,18.5409,11.0715,14.0256,17.6343,24.4141,24.2717,17.8871,13.6026
TIMM8B,22.8063,19.7457,10.0635,9.52926,6.33916,7.74199,14.0675,13.987,13.9169,5.6121,4.58402,4.41124
UBE2G2,12.3472,13.0137,9.58272,8.40633,11.5266,11.6373,13.1764,12.2037,11.7081,10.6418,10.4261,10.7432
aif1l,75.3354,72.9375,40.2137,46.7485,63.2063,61.5516,78.2257,74.7171,58.1218,51.4957,63.8251,78.6372
si:ch211-124k10.2,12.4633,9.40317,7.58996,8.04448,11.8237,10.7583,12.2696,12.8869,6.40312,10.6157,11.2621,13.2353
Ppp1r14a,15.9956,18.8478,28.3353,21.2689,15.9129,6.27687,12.5534,15.3805,37.8002,26.7057,14.3006,7.88292
TAGLN2,18.7429,14.9953,54.7762,52.7303,24.518,20.7579,20.2109,20.9629,52.8205,36.0748,24.5148,19.6238
bmp2k,18.0427,14.9483,12.4616,17.0483,19.6846,21.8028,21.2196,17.8328,16.1066,16.2703,18.1151,20.1576
ARL15,1.73862,0.663688,0.217622,0.563663,1.94152,1.35958,0.521425,0.155893,0.0,0.0,0.828905,1.45687
BCL7A,12.3204,15.8947,10.5254,9.30541,10.3514,14.036,16.0616,11.8976,10.6436,9.61638,10.613,9.90902
ctsl1a,100.667,92.9766,72.7693,53.0858,57.8797,62.4003,94.4005,72.8984,82.146,48.0857,51.3034,59.8565
zgc:110626,3.14993,5.26481,10.3293,6.66394,4.06152,2.78655,2.81844,3.9982,8.76192,7.62535,3.41276,3.31769
NOL6,2.05177,4.11452,5.62834,5.66343,3.93327,3.65747,4.20861,3.06096,4.6729,6.44041,5.07056,2.54916
zgc:152970,4.46886,4.48651,14.4283,29.0494,10.0203,7.76442,2.71985,6.76686,11.3355,18.2667,13.3096,7.09654
AATF,2.17998,3.42843,4.82914,4.21707,3.72304,3.05531,3.35144,3.44612,3.99405,5.45189,4.30525,3.80312
pja2,11.3669,15.0485,24.894,8.71287,6.30408,6.91608,9.94187,16.6243,29.7801,16.236,6.63555,5.79686
PPP2R1A,139.223,135.31,104.052,95.7552,112.099,113.642,135.721,121.104,106.602,111.246,112.181,106.748
zgc:110219,20.1553,15.2151,9.97617,8.80755,12.4735,12.7068,15.606,11.5421,9.35368,9.3603,10.4116,13.4456
grk1b,55.2135,27.0973,6.51578,15.4006,35.8135,41.01,64.9165,54.7087,20.5685,14.3599,34.0396,53.7866
zgc:136755,3.33669,2.20184,1.64111,2.00969,2.76971,3.56519,3.87691,2.32644,2.21634,2.06861,2.46364,3.24029
sepm,29.9792,26.1506,20.4538,19.5553,20.9565,22.4694,34.3084,27.1743,19.6084,22.0447,19.2954,23.037
gpsm1,81.5296,48.7363,4.68059,36.1941,64.3428,48.9255,60.8295,20.874,8.06853,29.6523,36.4778,58.5306
lhx3,1.76737,0.923471,1.03169,0.767897,1.42256,1.6456,2.01652,2.01263,0.495953,1.10833,1.12669,1.85119
EXOSC2,63.0455,87.6703,28.7916,14.3556,25.26,20.1312,60.2272,45.294,60.979,27.9907,28.4028,27.8893
ddx54,3.15632,4.9682,5.09888,5.43445,5.17632,4.39749,3.40425,5.40649,5.07026,6.43471,5.96269,4.15305
zgc:65779,6.12222,8.95721,11.2391,10.1473,7.87293,7.69071,8.37973,7.82856,10.43,8.96086,7.78941,6.93576
,6.2879,9.06959,9.71229,20.1176,25.2938,16.2193,11.6115,11.524,9.59764,18.4975,20.168,21.6143
RCL1,15.5248,18.4369,15.8971,12.7336,10.6161,7.76189,13.6332,13.2741,17.1701,15.394,10.4615,10.1501
zgc:73226,7.33696,3.83291,5.79612,11.8799,7.42212,5.47578,3.64572,4.41957,12.0849,12.5762,10.9082,4.44821
,11.6286,7.46992,10.7969,9.13333,13.6625,12.3882,11.5971,9.67404,6.74461,12.5276,15.2918,14.8791
eif1axa,10.6506,15.3646,15.0888,10.2634,9.84295,7.82452,11.1929,9.94591,15.5634,12.2398,11.3208,6.57324
ZNF703,12.4578,11.3778,11.5511,13.4495,7.96052,8.35161,12.3675,12.3497,15.7494,10.5997,8.84316,8.58911
TFAP2C,62.8417,67.8443,37.3473,35.0372,47.3218,43.1919,64.056,75.3784,39.973,41.3427,50.3742,58.5408
cyp1d1,3.11817,2.74936,4.30852,4.98942,4.05903,4.49282,2.45125,2.76616,3.13455,4.50192,5.80689,4.69719
zgc:100861,4.36369,3.80346,2.51805,2.71341,3.64795,3.85714,3.81395,3.40144,2.42685,2.6357,3.33461,4.04874
zgc:92201,1.10001,0.0,1.16745,2.27203,2.47514,2.12058,1.14608,1.49167,0.477684,1.58613,2.02965,3.17459
,32.1992,38.841,37.1738,30.1358,22.1881,16.8901,38.2161,41.1902,36.9031,26.964,22.2433,20.882
si:dkey-21k4.4,14.3496,11.8152,9.54078,10.5632,10.7015,10.976,14.6448,11.8054,8.78325,9.44793,11.8558,11.895
LOC100003209,2.18827,5.94249,16.0552,16.1268,8.60305,2.70479,2.07498,4.66135,12.1534,8.27742,5.0837,2.47449
surf6l,2.02616,2.91784,4.68577,5.02443,3.90383,2.16418,1.98842,2.52067,3.73176,4.54139,3.34268,3.62284
atp1b2b,76.5581,134.623,128.047,151.738,143.414,80.1149,107.757,133.531,138.978,178.233,155.599,119.123
snx18a,3.35483,4.24345,8.96968,5.41169,5.53493,4.45071,3.765,5.31518,7.05047,5.97103,4.6695,4.36396
si:dkey-9e15.1,45.8002,34.7957,31.0956,18.952,28.4814,25.9213,37.8138,40.3671,30.2465,27.7935,30.108,29.8815
sh2d3cb,2.76488,5.1112,10.8871,6.09944,6.44934,3.17171,4.8315,7.36185,11.5015,9.19828,8.5476,4.34385
zgc:153381,2.30864,2.30225,1.40804,1.57615,2.30876,2.48137,3.00183,2.65547,1.61909,1.94818,2.09425,2.52429
cplx4b,0.585816,1.7478,5.94991,4.44401,2.34868,0.943068,0.436804,1.4232,1.36054,3.78132,1.82619,1.42046
si:dkey-273o13.5,6.49412,7.49957,5.3285,4.6932,4.96648,6.59034,5.65947,7.27745,5.81461,4.59932,5.64218,5.17089
zgc:158317,12.5797,11.1641,10.4289,6.76785,10.5802,15.5675,16.7086,11.0981,9.07823,9.93135,13.4892,12.0669
LOC100001127,2.31144,1.89543,2.44746,3.07158,3.15331,2.27229,2.31948,1.71145,1.52707,2.53278,4.34206,2.91993
si:ch211-283h6.6,8.42851,13.5608,12.6328,16.3601,7.557,6.7947,8.00655,12.7502,12.681,10.1617,9.69727,5.69526
PLXNA1,11.9426,8.89452,7.39499,6.11957,6.94766,10.137,11.7826,11.2701,7.95364,7.12812,7.49575,7.42211
pa2g4a,17.8626,19.4071,24.937,27.8215,23.9051,24.0521,19.359,17.2862,19.8651,22.5488,24.3583,18.1971
CYP27C1,21.5414,31.2732,206.799,102.214,32.7041,18.6431,15.2765,32.4212,145.095,102.072,41.511,14.1695
zgc:152917,19.8464,17.5918,16.4841,13.8078,17.7521,21.7037,21.6231,21.485,15.3722,15.296,22.991,19.5234
st6gal2-r,45.4948,17.8871,46.2398,53.1341,58.3332,25.6903,21.268,34.0958,25.3391,71.1673,59.9528,52.4981
znf207b,21.5457,24.0741,19.8416,19.4181,18.4231,20.0247,24.0789,19.8277,21.1657,17.0539,18.9827,20.6271
actl6a,14.7165,18.1973,13.8357,14.8899,13.1648,13.9945,15.3511,16.6928,16.3064,12.5757,12.4007,11.1648
PIK3R3,15.5617,21.3933,26.5342,26.9097,33.3619,26.5976,14.2468,25.2922,27.9577,32.2374,35.9032,26.1874
UAP1,7.33529,6.79206,5.56085,4.53781,4.62643,5.12867,6.12145,7.08665,6.68565,5.32924,5.91191,4.64032
CYFIP1,45.9633,35.8903,32.9741,48.5219,53.7351,47.6142,53.0204,40.5341,26.6322,38.1176,42.6529,49.5607
CTSZ,18.4858,17.8111,16.3004,16.4657,14.5095,15.1163,18.3456,20.062,16.67,10.9529,11.9871,13.0179
ahcY,372.075,342.59,441.798,598.616,745.033,364.642,492.704,378.294,397.996,579.306,653.193,511.33
MST1,14.7889,16.5799,43.5872,44.9257,35.8352,20.6906,13.4505,26.0881,29.0557,67.3234,47.1342,35.3759
Gnb1l,39.6545,30.3602,27.5735,37.9471,60.8532,71.4722,43.0745,58.7192,16.0686,28.8705,64.6265,69.2261
zgc:153948,15.691,23.0353,27.8991,36.212,32.9889,22.4915,19.6467,17.5853,18.7128,25.8758,24.621,21.3003
zgc:65895,28.5714,47.6425,91.9596,81.444,54.2929,32.3235,31.6406,39.5403,73.2994,117.429,80.3399,49.0503
zgc:85939,15.0795,16.0771,32.7377,29.4466,19.3787,15.5692,13.2963,15.6942,23.4001,28.335,24.0021,20.8056
myh9l2,56.2856,48.2493,46.6671,36.6771,18.9676,25.3117,39.9118,53.2216,53.3862,24.6942,24.1005,22.4645
zgc:136817,5.46163,12.171,10.4749,4.32553,3.06786,5.62975,4.48782,11.1611,13.669,3.92462,4.00107,4.2489
,9.07598,1.61725,1.12997,1.64151,20.8003,82.8676,33.7254,4.41635,1.40185,3.51582,25.4775,78.7344
LOC799271,5.39372,4.79098,4.2245,7.49697,15.6453,7.68948,11.0248,5.41278,3.71491,8.52558,11.7852,17.2327
st6gal2-r,0.788814,1.37065,6.07635,5.01746,2.3405,2.31724,1.41978,1.60002,3.32466,3.16415,2.11911,1.11419
cxcr7,54.6966,35.4755,48.1481,41.8457,77.5793,68.9144,83.891,54.4156,37.995,51.9959,84.9362,100.97
pgm1,17.2003,26.2421,29.7787,33.1468,34.5143,20.0934,21.0938,22.6893,29.6169,37.253,27.1365,26.9337
usp1,7.13643,7.45492,9.95276,9.01347,7.60163,6.79824,6.47124,7.85766,9.46559,8.5777,7.86366,6.75789
CTH,5.71784,7.35355,17.4681,21.7059,22.3801,8.65472,7.18046,7.08895,21.234,23.7407,24.7719,14.5487
atf7b,10.1447,17.1545,26.7288,19.6416,19.2346,17.131,12.9147,18.2603,25.0532,29.9162,27.0427,18.4633
pfkmb,25.2229,32.8898,28.2759,12.3292,9.34019,8.95433,27.6134,33.7744,40.8049,31.1837,10.0953,10.4189
zgc:92046,21.0674,24.624,23.3496,14.5099,14.4255,20.5158,19.538,23.73,22.9354,13.617,17.1618,15.3579
SLC6A13,34.4103,19.9462,13.5215,12.3655,24.4862,25.3473,29.7628,16.5989,23.0147,17.9065,21.4305,30.2488
Rbm19,2.15932,2.95112,4.82093,5.08126,3.47502,3.59613,2.19008,3.01901,3.68393,3.71207,4.62858,3.06369
TARDBP,87.1035,83.5845,65.6733,54.291,70.1757,76.207,92.7271,87.9395,82.2726,65.2229,75.1377,77.6297
capza1a,17.943,22.7333,26.9637,27.5697,20.272,20.2149,16.3852,22.0679,21.6901,20.6266,22.9325,14.1752
TOMM34,5.04276,5.0549,4.10795,3.49345,4.98086,5.39344,4.73455,4.57066,4.30011,3.63451,4.15725,4.78245
zgc:64031,61.5033,35.0155,11.5407,46.4683,94.3633,109.962,67.4815,60.6797,16.6168,27.5767,66.7458,116.737
zgc:123190,3.15567,5.13502,2.95161,1.3561,0.579342,0.449587,2.01053,1.20037,3.52494,0.436483,0.435954,0.328929
DDX27,3.42724,3.95068,8.15348,6.72328,5.78644,4.9873,4.20707,5.05232,4.30402,7.93646,7.25821,4.16227
PMEPA1,8.05694,3.99324,3.32286,3.92271,4.96607,6.82573,10.1775,7.13324,2.97563,4.78653,6.01146,6.43072
Nop10,9.38214,15.0406,10.3955,10.6249,8.78152,7.40614,12.0327,10.6931,14.3716,10.6675,9.6271,5.46407
,2.26384,2.16023,2.19684,1.68548,1.43062,1.57387,2.173,2.0687,2.19867,0.819396,1.42164,1.59904
zgc:158677,28.9902,34.2112,67.5035,48.7913,43.5171,23.2787,31.6652,38.8409,54.1519,73.8956,49.4159,37.3001
RTN3,11.4138,12.5086,31.8999,47.8457,43.016,36.5699,25.5205,29.6253,15.707,35.3924,42.2697,50.2339
zgc:171731,0.506167,1.33718,0.963407,2.26998,0.874014,0.296825,0.436925,1.53456,1.48338,1.11464,0.971207,0.355176
zgc:153296,7.19316,8.53537,8.40848,8.59919,8.56253,8.17241,7.51747,8.95372,9.23638,10.4576,9.28331,7.24247
pygmb,55.7467,64.9122,80.5137,78.0325,89.8932,68.4433,70.3304,74.668,80.9005,109.268,102.772,90.1249
zgc:113305,1.11516,1.37259,1.56269,2.29421,1.19457,0.984245,0.527417,1.33809,2.61125,1.83211,1.44896,1.07095
CYP26B1,5.77048,1.67886,3.63331,10.5421,8.22644,10.6639,6.98252,5.90532,8.19262,9.40798,11.0701,8.41374
,18.6928,15.2022,2.43364,1.93318,3.92843,12.8761,20.2439,18.5484,10.0954,2.74117,2.95556,8.78915
BBOX1,3.17515,5.16947,7.36319,9.14414,14.4003,9.87359,5.64173,7.58843,8.04665,12.7217,14.6448,14.5596
CEBPG,17.0434,20.9457,27.7376,23.324,19.0658,21.3804,18.6885,22.5999,29.7131,20.4717,20.546,17.6875
mtch2,33.6553,35.3653,29.4216,28.4646,29.9259,27.1961,33.1425,31.5235,34.8449,28.8768,26.8343,28.6189
zgc:158564,34.2531,33.7654,31.6429,25.0711,27.8334,32.0251,33.2583,32.6131,28.9301,27.5083,27.6735,29.4815
scrib,15.231,15.4838,16.6763,19.7076,19.2733,23.2448,14.9562,16.3336,16.6268,20.2751,21.4498,21.265
GPT2,20.6366,11.116,9.39881,10.127,14.6364,16.6908,15.1593,12.6142,8.68035,11.1418,17.0845,19.653
oaz2l,5.40246,9.88649,20.5434,17.3274,13.5577,18.5267,6.27299,5.42875,15.1085,21.0892,14.8248,11.9018
,2.53926,4.56356,13.652,9.25755,6.23377,1.89146,1.9408,4.0859,9.22049,26.5142,8.0342,5.23085
per1b,1.28676,8.50603,86.0075,80.914,32.1941,6.9924,3.54855,10.2868,48.8391,108.947,54.1761,11.8034
SLC38A7,11.2977,10.2392,6.9801,7.0953,6.9972,7.06261,11.6764,9.9444,7.47617,6.19339,6.88606,6.0091
dhodh,2.03507,2.31048,6.16441,4.41136,3.75274,3.36789,2.22534,2.6571,3.77589,4.79175,2.61466,2.7786
ppp1r14b,27.4565,31.2039,15.2094,19.805,25.5279,31.4228,37.0395,26.7684,16.714,17.8465,28.7438,28.8533
zgc:64190,18.9805,15.3264,17.8966,10.2523,10.6144,12.0083,16.5069,18.721,11.344,13.2812,12.779,13.7828
six7,2.08484,1.24049,0.045856,0.399417,0.354273,2.02227,2.0501,0.438972,0.0963415,0.36292,0.139215,0.25461
zgc:158785,1.80519,2.39105,3.00669,1.98154,2.23448,1.64246,2.10335,3.09699,5.29206,4.30561,2.13837,0.87816
zgc:162401,10.0896,11.9125,18.3392,18.0947,12.9375,11.0762,7.7766,17.5703,18.3532,20.1545,11.4193,7.03782
dtx1,72.6752,75.6807,28.3231,19.4412,17.3841,27.7203,63.1431,80.4809,54.783,25.471,23.4438,18.1173
zgc:65987,18.118,9.35589,5.2467,5.32527,8.5285,13.1189,19.2917,10.6609,7.63581,3.9896,8.04739,13.0541
zgc:103658,15.3544,18.8149,16.7568,14.6088,13.9446,13.544,14.5171,15.6365,15.3259,16.5311,9.65514,11.4174
nucb2a,26.4552,21.4754,35.1957,37.0167,37.19,24.757,18.5924,24.0797,35.2712,36.6009,37.3068,31.9676
rorab,4.80369,6.86421,15.0162,19.1276,19.5312,22.1637,10.1068,6.75708,14.1299,24.5827,24.3278,27.285
zgc:162904,27.5648,21.4369,14.7109,11.0491,18.6484,30.1661,28.3309,29.0992,16.3881,15.0715,20.1628,28.3826
ALDH1A2,7.46445,13.0689,12.5469,8.4291,6.95288,7.26309,7.82678,13.2441,10.4274,8.44987,8.2589,5.85643
zgc:153233,2.26965,2.75423,4.24866,4.02538,3.58038,3.09807,3.09041,3.26263,3.57337,4.28776,4.43397,2.81214
gro1,19.2472,18.4787,14.9735,14.1155,16.5229,17.7274,22.5831,23.1715,15.591,15.5285,16.6758,17.3639
smad3a,1.37361,4.1091,18.3683,11.4974,8.65884,5.18185,2.05118,7.23245,11.6188,18.7736,11.4569,6.517
ADCY7,6.38495,8.79008,10.5039,9.10817,6.71846,7.22123,6.76865,7.69444,10.3534,8.79363,7.34834,6.20395
GRPEL1,14.5782,17.1537,11.9201,11.1728,8.98326,8.1769,12.6664,11.8761,18.0718,11.5703,9.17294,7.91034
,64.3968,47.5476,95.3386,131.964,104.228,32.7077,31.2127,27.6096,53.839,171.774,141.594,76.5919
smarcd3b,9.34204,7.09164,6.36229,5.34419,6.97814,11.9217,10.4626,6.92961,8.14623,7.38545,8.95522,8.92658
RBPMS2,6.73066,6.36208,2.86529,3.47529,5.02883,5.5323,6.84344,5.11064,4.78904,4.72004,6.55482,7.37644
TCF12,35.3582,33.6779,27.3157,17.8233,20.717,38.7167,42.3749,39.7739,34.2574,19.9218,26.147,23.1451
Fgf3,2.05323,1.89836,1.49007,1.82717,3.88173,3.42175,2.69558,1.51857,0.858909,1.95466,3.44534,4.35578
Pc,2.366,1.30194,2.32619,6.93154,9.8527,3.66375,2.77885,1.60038,3.39698,7.72391,11.1403,6.23023
arntl1b,11.6599,5.94779,0.413459,2.76512,10.8004,17.7758,14.1272,9.4342,1.84198,2.75235,11.3643,17.9084
zgc:103404,41.5868,35.167,27.3777,20.7104,29.402,33.1695,38.5459,31.1225,31.8884,28.9379,32.4165,38.4508
TRIM36,15.3475,22.4843,29.5998,5.4102,6.45338,7.06186,16.5898,26.7309,41.963,15.6802,8.10318,6.70616
dynll1,15.9855,36.5148,43.8253,42.5766,22.669,19.4244,22.1683,15.89,65.0383,35.5497,28.5245,12.8299
ufd1l,26.706,23.9834,26.437,20.299,21.6572,19.0331,25.2605,25.702,23.2857,22.5284,18.7018,19.8215
zgc:172102,4.55283,3.25442,2.84367,2.06957,3.36589,3.97921,3.3699,3.23743,2.85224,2.96031,3.9154,3.68156
zgc:92316,4.27518,7.01704,10.7163,6.84868,6.24224,6.68288,5.33069,7.64522,10.2229,8.30663,5.73729,6.25178
zgc:101122,1.76435,3.72442,5.73889,4.97742,3.88985,2.68034,3.90246,3.71332,4.88293,4.40642,2.96212,3.04116
mknk2b,31.3047,40.3554,78.5983,67.1358,65.2422,50.0717,38.0445,56.9135,61.3395,82.7935,75.5138,57.3079
cry2a,352.852,77.8324,24.3061,31.6296,95.5518,202.899,301.891,135.857,36.8322,29.7242,99.1011,173.628
si:dkeyp-22b2.3,5.43328,2.84159,3.33447,11.8356,8.57814,7.71574,7.43498,5.20886,4.36648,7.32862,10.0222,9.28134
si:ch211-199o1.5,3.48625,4.25604,7.81987,6.15254,4.87003,4.17905,4.04228,5.21663,5.90327,8.34945,7.10996,5.29303
Arih2,29.7252,24.5678,19.6703,18.3375,23.2855,29.502,30.6935,30.8664,29.1077,20.9938,26.5162,29.4537
si:dkey-20d21.7,2.98953,4.02449,5.23089,5.32687,4.62501,4.32435,3.86344,4.74022,5.86414,5.07941,5.61908,4.9706
prkar2aa,129.127,153.87,149.36,88.815,117.72,82.1438,117.392,147.993,148.775,119.713,110.97,106.114
zgc:92164,39.4822,33.4949,18.1074,16.5213,30.8864,68.7237,50.2936,39.4991,21.8009,19.6484,35.1535,50.3842
zgc:113183,9.72164,7.16974,5.12951,4.02418,5.34509,5.62709,7.9335,7.08928,4.68615,4.19539,4.11196,6.53606
LOC560226,32.5701,23.1322,14.23,14.5593,25.9844,31.4789,35.136,30.0549,19.3453,18.6531,27.1139,33.3052
cytsaa,12.8426,12.8939,14.8886,15.6085,15.515,13.7107,11.5275,14.9178,16.6328,18.4479,15.5139,14.4998
si:ch211-251j10.4,0.545041,0.652462,0.515872,0.329574,0.428183,1.02287,1.24729,0.748707,0.529532,0.343439,0.424934,0.814429
ANGPTL2,3.26404,3.41067,3.99347,3.28523,2.96936,2.04572,2.49349,3.53044,4.14104,2.46711,2.24426,1.65808
kcnip3l,40.6308,63.6842,66.835,94.5675,101.419,60.2599,41.8758,61.5532,86.2698,101.754,92.5137,79.2044
PRNP,68.3383,21.9344,8.86747,13.6099,25.9228,49.6518,58.373,36.2989,12.2265,17.7224,32.0627,37.933
angptl7,4.2017,5.18654,10.1185,5.13402,4.45924,2.84434,2.37621,7.06816,5.7615,6.1951,4.15708,4.25694
si:dkey-75a21.2,5.58034,3.76556,3.81988,4.35598,4.40664,5.4241,5.20077,4.31328,3.66977,3.87176,4.33332,4.53763
LOC567448,11.2127,25.2173,47.2976,21.919,23.6395,18.439,18.0701,22.1087,45.6124,37.3772,29.2016,22.7269
zgc:77112,32.0514,28.2945,14.2509,10.4298,14.2507,13.2578,29.8833,29.982,21.7537,13.6493,17.748,18.9681
bnip3l2,11.2299,18.2695,37.9181,31.1241,26.2917,21.682,13.8728,22.3788,32.3222,39.4094,36.7063,20.3781
pcsk1nl,15.0022,17.8816,21.0344,23.7319,27.1883,24.0968,23.6693,21.0248,27.3257,31.2094,32.8622,30.0698
tfe3a,9.08171,9.17024,10.6263,12.4753,12.1749,13.3135,8.33467,9.30989,9.20109,11.1209,13.1255,13.5553
dt1p1a10l,3.71188,3.56274,6.04746,8.09717,6.23985,3.89279,6.08394,3.20334,8.37069,7.7931,7.78454,4.40581
LOC100004076,16.8683,19.8407,11.6119,10.2723,9.98447,11.6705,19.3837,18.2285,17.9293,13.0918,12.3831,11.2964
GUK1,442.5,317.496,118.588,84.933,149.262,127.393,320.895,329.78,232.758,129.45,138.577,150.648
NEXN,14.1551,10.558,2.77354,3.11935,4.12023,4.48076,10.9059,10.0833,8.07982,4.73749,6.10336,6.65138
rorca,37.239,22.4379,16.7977,46.9208,133.823,88.8198,86.7317,44.6429,16.6064,59.9858,138.765,160.974
si:dkey-72l14.9,44.1388,32.6267,22.8865,35.8368,48.6012,52.1127,43.3383,40.942,27.3891,37.568,57.3077,62.9865
Gadd45g,99.8987,63.8711,51.7665,57.2468,78.1847,72.2242,120.118,96.6077,61.6877,53.7467,74.7671,91.2537
creb3l3l,22.0698,26.3742,28.7391,23.4534,18.7462,23.5504,23.2369,27.4698,29.2872,18.0797,22.4491,18.6684
Renbp,4.81664,7.53635,7.82458,5.45883,3.88414,4.06579,8.48741,5.76723,6.42261,5.67289,2.74738,3.3725
sorbs3,5.44154,5.17885,13.6149,11.7156,8.0752,5.79523,6.47041,5.25245,12.4209,9.9993,8.27993,4.61265
pop5,2.08038,3.81768,4.93494,4.6487,3.66513,2.10702,1.84666,4.28788,4.45291,5.47103,4.12828,2.28589
zgc:158399,21.1954,20.4201,19.9604,22.657,22.9211,20.0799,18.9739,19.9549,22.2102,24.1062,24.7877,19.7165
ACOT7,16.6513,16.263,20.0492,21.1032,19.0055,15.7439,13.7203,14.4722,16.7885,23.0479,22.1641,16.6109
fgfr1a,12.7076,14.2372,11.7085,7.0586,9.7324,10.3851,11.4069,14.3082,14.0244,8.18379,10.8964,10.3986
Gnb1l,648.339,555.993,273.935,294.852,512.539,492.469,748.808,742.684,396.36,348.351,501.596,652.94
zgc:55512,36.3049,29.0024,24.3735,17.4611,22.3368,26.2085,23.4686,29.3857,21.4966,14.4347,20.0786,18.6667
si:ch211-235e18.3,701.168,726.943,456.578,393.765,463.964,353.462,608.37,752.741,655.64,541.241,490.43,458.05
nr1i2,3.83367,3.84975,5.86086,5.07271,4.57063,4.67864,2.89209,3.63348,5.53265,5.33307,5.30776,4.15424
cdk5r2b,2.76428,4.24209,4.62955,5.71349,5.4891,3.77675,2.80926,4.36792,4.86037,6.75524,6.37621,4.95257
fbxl3a,37.8777,23.2998,22.6596,28.5202,45.2963,59.4555,46.2583,45.8527,19.0425,28.8919,47.9653,62.888
zgc:91870,98.7928,129.211,95.6101,46.1699,43.9875,22.06,71.0826,113.571,137.058,54.1131,45.1087,29.7296
si:ch211-173o4.2,6.30289,6.22062,7.48425,7.02686,6.81634,6.66614,5.38859,7.43563,7.65271,7.28139,6.99089,6.02749
etv5a,22.9203,19.9675,15.2355,13.9449,22.594,25.0473,19.107,18.6908,12.1154,18.5933,24.6464,24.7346
zgc:153683,5.92834,5.6342,7.10461,7.49658,6.6077,6.58159,5.59626,5.58654,6.20826,6.42345,7.4537,6.29975
zgc:162780,42.5018,13.3652,7.65275,10.1927,23.7631,20.7851,28.5152,16.2239,8.94596,13.8573,20.7098,27.9982
Dopey2,5.95828,10.8177,28.9174,26.1723,14.9098,15.2374,12.5906,15.509,23.879,33.3529,19.4441,14.6226
ddx3,68.2399,49.9433,47.2142,37.2917,50.4635,60.6978,63.2461,60.3429,51.5429,52.6111,60.227,63.6218
Mki67ip,12.0535,17.0488,17.2025,15.4448,14.5464,9.44233,9.57413,9.92277,13.9409,17.7511,14.7686,10.4399
COL18A1,28.3335,31.1977,33.5139,23.5252,23.5479,18.5738,23.8429,30.1616,21.0358,19.9993,14.0434,15.4793
zgc:77397,1.77207,2.26096,4.14722,3.46756,2.26375,1.58054,2.06976,2.3451,3.22092,3.85247,2.46778,2.27676
Rab3gap1,14.3306,17.0811,16.3139,11.0119,11.5064,9.39994,15.0074,18.1972,20.0804,9.9629,12.3175,13.4686
dync1i2a,34.3915,27.5159,27.039,21.0753,22.0456,22.6452,41.2759,33.7782,25.9746,25.2375,20.3822,25.9191
zgc:153408,7.42572,9.77092,10.8507,7.32427,6.00487,4.87825,8.99724,9.10347,12.1651,5.64567,6.54054,5.23603
fstl1b,25.1487,27.0601,23.9659,19.8638,20.8766,25.4728,22.31,24.1528,22.8491,18.8607,18.1563,20.1226
zgc:136850,0.0,0.0514351,0.0,0.293085,0.237191,0.0756885,0.0,0.0821713,0.0,0.181048,0.461342,0.0734057
fbxl3a,17.3028,16.9135,11.7438,17.9046,31.123,33.5008,31.3948,30.2733,10.1573,18.2647,34.6311,39.6546
Gpr183,0.380512,2.19174,1.82357,2.35842,1.18419,1.27222,1.00478,1.42155,3.48768,2.28948,1.66791,1.26415
HSPD1,18.1086,25.1606,30.8207,28.2778,27.5862,19.8005,19.2818,17.7948,24.1033,29.7718,24.3638,17.8221
ME3,17.9571,20.4122,19.2585,16.2025,14.9477,15.8435,19.1459,18.1115,24.7224,15.1835,14.5453,12.9356
tslpr,0.0,0.0,0.0,0.112444,0.0636845,0.134262,0.0,0.0,0.0,0.168608,0.156114,0.134363
WDR75,3.86657,5.05106,6.96085,5.76372,5.6669,4.4632,3.28463,4.08058,5.61562,6.89713,5.34302,3.88836
rdh1l,0.55833,2.00348,7.33467,9.39053,7.04301,2.95418,2.0781,2.92636,8.87019,9.51936,7.247,3.44121
tbl1x,13.9968,9.41781,4.01104,7.71416,13.6135,15.9419,17.512,10.82,5.00002,9.10895,15.6566,15.775
